"Rk,Conference,Schls,W,L,W-L%,SRS,SOS,AP,NCAA,FF,Regular Season Champ,Tournament Champ"
"1,Big Ten Conference,14,290,195,.598,15.12,10.82,4,8,1,Michigan State Purdue,Michigan State"
"2,Big 12 Conference,10,216,137,.612,14.82,10.54,4,6,1,Kansas State Texas Tech,Iowa State"
"3,Atlantic Coast Conference,15,316,198,.615,14.17,9.06,5,7,1,North Carolina Virginia,Duke"
"4,Southeastern Conference,14,283,197,.590,12.73,9.29,4,7,1,Louisiana State,Auburn"
"5,Big East Conference,10,202,142,.587,9.92,6.96,1,4,0,Villanova,Villanova"
"6,Pacific-12 Conference,12,217,181,.545,7.07,5.25,0,3,0,Washington,Oregon"
"7,American Athletic Conference,12,239,169,.586,7.03,4.21,2,4,0,Houston,Cincinnati"
"8,West Coast Conference,10,191,142,.574,4.99,2.24,1,2,0,Gonzaga,Saint Mary's (CA)"
"9,Mid-American Conference,12,226,172,.568,3.00,1.60,1,1,0,Buffalo (East),Buffalo"
"10,Mountain West Conference,11,183,175,.511,1.49,1.12,2,2,0,Nevada Utah State,Utah State"
"11,Atlantic 10 Conference,14,235,227,.509,1.47,0.83,0,2,0,Virginia Commonwealth,Saint Louis"
"12,Missouri Valley Conference,10,171,159,.518,-0.69,-0.23,0,1,0,Drake Loyola (IL),Bradley"
"13,Southern Conference,10,178,150,.543,-0.71,-0.60,1,1,0,Wofford,Wofford"
"14,Ivy Group,8,132,109,.548,-1.46,-1.58,0,1,0,Harvard Yale,Yale"
"15,Sun Belt Conference,12,204,190,.518,-1.74,-1.14,0,1,0,Georgia State,Georgia State"
"16,Conference USA,14,244,217,.529,-1.76,-1.10,0,1,0,Old Dominion,Old Dominion"
"17,Western Athletic Conference,9,161,142,.531,-3.01,-2.14,0,1,0,New Mexico State,New Mexico State"
"18,Horizon League,10,158,173,.477,-3.34,-1.66,0,1,0,Northern Kentucky Wright State,Northern Kentucky"
"19,Colonial Athletic Association,10,163,165,.497,-4.53,-3.12,0,1,0,Hofstra,Northeastern"
"20,Big West Conference,9,142,153,.481,-4.77,-2.74,0,1,0,UC-Irvine,UC-Irvine"
"21,Atlantic Sun Conference,9,145,155,.483,-5.36,-2.55,0,1,0,Liberty Lipscomb,Liberty"
"22,Summit League,9,136,150,.476,-5.49,-3.38,0,1,0,South Dakota State,North Dakota State"
"23,Patriot League,10,157,163,.491,-5.57,-4.61,0,1,0,Bucknell Colgate,Colgate"
"24,Ohio Valley Conference,12,190,192,.497,-5.82,-3.73,0,2,0,Belmont Murray State,Murray State"
"25,Big South Conference,11,181,183,.497,-6.03,-4.25,0,1,0,Campbell Radford,Gardner-Webb"
"26,America East Conference,9,137,155,.469,-8.04,-5.55,0,1,0,Vermont,Vermont"
"27,Big Sky Conference,11,170,186,.478,-8.25,-5.81,0,1,0,Montana,Montana"
"28,Metro Atlantic Athletic Conference,11,150,203,.425,-9.08,-6.58,0,1,0,Iona,Iona"
"29,Southland Conference,13,198,217,.477,-10.05,-6.10,0,1,0,Sam Houston State,Abilene Christian"
"30,Northeast Conference,10,148,174,.460,-10.81,-7.47,0,1,0,Fairleigh Dickinson Saint Francis (PA),Fairleigh Dickinson"
"31,Southwest Athletic Conference,10,129,200,.392,-14.78,-8.26,0,1,0,Prairie View,Prairie View"
"32,Mid-Eastern Athletic Conference,12,151,238,.388,-16.00,-9.20,0,1,0,Norfolk State,North Carolina Central"
"Rk,Conference,Schls,W,L,W-L%,SRS,SOS,AP,NCAA,FF,Regular Season Champ,Tournament Champ"
"1,Big 12 Conference,10,220,130,.629,15.16,9.82,3,7,1,Kansas,Kansas"
"2,Big East Conference,10,213,128,.625,14.23,9.28,2,6,1,Xavier,Villanova"
"3,Atlantic Coast Conference,15,315,200,.612,13.38,8.51,5,9,0,Virginia,Virginia"
"4,Big Ten Conference,14,289,189,.605,13.01,7.99,4,4,1,Michigan State,Michigan"
"5,Southeastern Conference,14,286,193,.597,13.00,9.34,4,8,0,Auburn Tennessee,Kentucky"
"6,Pacific-12 Conference,12,231,172,.573,8.62,6.15,1,3,0,Arizona,Arizona"
"7,American Athletic Conference,12,224,168,.571,5.58,3.40,3,3,0,Cincinnati,Cincinnati"
"8,Mountain West Conference,11,198,163,.548,4.43,3.05,1,2,0,Nevada,San Diego State"
"9,Missouri Valley Conference,10,186,145,.562,2.43,1.61,0,1,1,Loyola (IL),Loyola (IL)"
"10,Atlantic 10 Conference,14,232,224,.509,2.26,1.99,0,3,0,Rhode Island,Davidson"
"11,West Coast Conference,10,180,159,.531,1.83,1.43,2,1,0,Gonzaga,Gonzaga"
"12,Conference USA,14,245,221,.526,0.22,0.20,0,1,0,Middle Tennessee,Marshall"
"13,Mid-American Conference,12,219,181,.548,-2.01,-1.88,0,1,0,Buffalo (East),Buffalo"
"14,Summit League,8,134,122,.523,-2.89,-1.41,0,1,0,South Dakota State,South Dakota State"
"15,Sun Belt Conference,12,201,194,.509,-2.95,-2.67,0,1,0,Louisiana,Georgia State"
"16,Colonial Athletic Association,10,167,156,.517,-3.06,-2.14,0,1,0,College of Charleston Northeastern,College of Charleston"
"17,Big Sky Conference,12,198,195,.504,-3.56,-2.00,0,1,0,Montana,Montana"
"18,Western Athletic Conference,8,133,130,.506,-3.80,-1.77,0,1,0,New Mexico State,New Mexico State"
"19,Big West Conference,9,139,148,.484,-4.19,-1.67,0,1,0,UC-Davis,Cal State Fullerton"
"20,Ivy Group,8,109,125,.466,-4.65,-3.08,0,1,0,Harvard Pennsylvania,Pennsylvania"
"21,Metro Atlantic Athletic Conference,11,164,191,.462,-4.80,-3.48,0,1,0,Canisius Rider,Iona"
"22,Southern Conference,10,168,161,.511,-5.23,-3.38,0,1,0,North Carolina-Greensboro,North Carolina-Greensboro"
"23,Ohio Valley Conference,12,190,191,.499,-5.25,-3.54,0,1,0,Murray State,Murray State"
"24,America East Conference,9,145,147,.497,-5.62,-4.41,0,1,0,Vermont,Maryland-Baltimore County"
"25,Horizon League,10,154,177,.465,-5.88,-3.58,0,1,0,Northern Kentucky,Wright State"
"26,Big South Conference,10,164,166,.497,-7.37,-5.25,0,1,0,North Carolina-Asheville,Radford"
"27,Patriot League,10,145,169,.462,-7.77,-5.84,0,1,0,Bucknell,Bucknell"
"28,Atlantic Sun Conference,8,118,140,.457,-9.15,-4.72,0,1,0,Florida Gulf Coast,Lipscomb"
"29,Southland Conference,13,201,215,.483,-9.29,-5.77,0,1,0,Nicholls State Southeastern Louisiana,Stephen F. Austin"
"30,Northeast Conference,10,146,174,.456,-9.85,-6.89,0,1,0,Wagner,Long Island University"
"31,Southwest Athletic Conference,10,116,211,.355,-15.97,-8.63,0,1,0,Grambling,Texas Southern"
"32,Mid-Eastern Athletic Conference,13,162,265,.379,-16.74,-9.52,0,1,0,Bethune-Cookman Hampton Savannah State,North Carolina Central"
"Rk,Conference,Schls,W,L,W-L%,SRS,SOS,AP,NCAA,FF,Regular Season Champ,Tournament Champ"
"1,Big 12 Conference,10,215,131,.621,17.44,11.26,4,6,0,Kansas,Iowa State"
"2,Atlantic Coast Conference,15,320,196,.620,14.66,9.67,6,9,1,North Carolina,Duke"
"3,Big East Conference,10,203,135,.601,13.19,9.11,2,7,0,Villanova,Villanova"
"4,Big Ten Conference,14,288,192,.600,12.64,8.75,3,7,0,Purdue,Michigan"
"5,Southeastern Conference,14,274,202,.576,11.72,8.82,2,5,1,Kentucky,Kentucky"
"6,Pacific-12 Conference,12,238,168,.586,9.33,6.73,3,4,1,Arizona Oregon,Arizona"
"7,American Athletic Conference,11,199,163,.550,6.20,4.11,2,2,0,Southern Methodist,Southern Methodist"
"8,Atlantic 10 Conference,14,250,211,.542,3.80,2.66,0,3,0,Dayton,Rhode Island"
"9,Missouri Valley Conference,10,172,155,.526,3.48,2.62,1,1,0,Illinois State Wichita State,Wichita State"
"10,West Coast Conference,10,184,147,.556,3.01,1.94,2,2,1,Gonzaga,Gonzaga"
"11,Mountain West Conference,11,203,162,.556,2.95,1.92,0,1,0,,Nevada"
"12,Colonial Athletic Association,10,171,156,.523,-1.22,-1.27,0,1,0,North Carolina-Wilmington,North Carolina-Wilmington"
"13,Mid-American Conference,12,211,185,.533,-1.26,-1.67,0,1,0,Akron (East),Kent State"
"14,Sun Belt Conference,12,217,189,.534,-2.80,-2.60,0,1,0,Texas-Arlington,Troy"
"15,Ivy Group,8,111,117,.487,-3.17,-2.50,0,1,0,Princeton,Princeton"
"16,Conference USA,14,224,228,.496,-3.26,-2.42,0,1,0,Middle Tennessee,Middle Tennessee"
"17,Summit League,9,143,141,.504,-3.30,-1.85,0,1,0,South Dakota,South Dakota State"
"18,Southern Conference,10,172,160,.518,-3.60,-2.17,0,1,0,East Tennessee State Furman North Carolina-Greensboro,East Tennessee State"
"19,Horizon League,10,169,164,.508,-3.63,-2.42,0,1,0,Oakland Valparaiso,Northern Kentucky"
"20,Metro Atlantic Athletic Conference,11,179,186,.490,-4.32,-3.32,0,1,0,Monmouth,Iona"
"21,Western Athletic Conference,8,139,124,.529,-4.37,-2.66,0,1,0,Cal State Bakersfield,New Mexico State"
"22,Patriot League,10,151,169,.472,-5.00,-3.52,0,1,0,Bucknell,Bucknell"
"23,Ohio Valley Conference,12,182,196,.481,-5.19,-3.34,0,1,0,Belmont (East),Jacksonville State"
"24,America East Conference,9,148,147,.502,-6.66,-5.01,0,1,0,Vermont,Vermont"
"25,Atlantic Sun Conference,8,131,131,.500,-7.21,-4.85,0,1,0,Florida Gulf Coast,Florida Gulf Coast"
"26,Big West Conference,9,126,160,.441,-7.63,-3.78,0,1,0,UC-Irvine,UC-Davis"
"27,Big Sky Conference,12,174,210,.453,-7.72,-5.16,0,1,0,North Dakota,North Dakota"
"28,Southland Conference,13,202,209,.491,-9.35,-5.82,0,1,0,New Orleans,New Orleans"
"29,Big South Conference,10,160,165,.492,-9.36,-6.04,0,1,0,North Carolina-Asheville Winthrop,Winthrop"
"30,Northeast Conference,10,133,186,.417,-10.26,-6.52,0,1,0,Mount St. Mary's,Mount St. Mary's"
"31,Mid-Eastern Athletic Conference,13,156,259,.376,-16.34,-9.42,0,1,0,North Carolina Central,North Carolina Central"
"32,Southwest Athletic Conference,10,123,199,.382,-17.06,-10.16,0,1,0,Texas Southern,Texas Southern"
"Rk,Conference,Schls,W,L,W-L%,SRS,SOS,AP,NCAA,FF,Regular Season Champ,Tournament Champ"
"1,Big 12 Conference,10,213,129,.623,15.01,10.12,5,7,1,Kansas,Kansas"
"2,Atlantic Coast Conference,15,317,200,.613,13.96,9.24,5,7,2,North Carolina,North Carolina"
"3,Pacific-12 Conference,12,241,160,.601,11.85,8.52,4,7,0,Oregon,Oregon"
"4,Big East Conference,10,206,134,.606,11.63,7.92,3,5,1,Villanova,Seton Hall"
"5,Big Ten Conference,14,279,196,.587,10.93,7.12,5,7,0,Indiana,Michigan State"
"6,Southeastern Conference,14,263,204,.563,10.33,7.50,2,3,0,Kentucky Texas A&M,Kentucky"
"7,American Athletic Conference,11,198,161,.552,7.57,4.49,1,4,0,Temple,Connecticut"
"8,Atlantic 10 Conference,14,260,203,.562,4.96,3.51,0,3,0,Dayton St. Bonaventure Virginia Commonwealth,Saint Joseph's"
"9,Mountain West Conference,11,203,165,.552,2.88,2.28,0,1,0,San Diego State,Fresno State"
"10,West Coast Conference,10,170,152,.528,2.04,1.59,0,1,0,Gonzaga Saint Mary's (CA),Gonzaga"
"11,Missouri Valley Conference,10,169,159,.515,2.02,2.01,0,2,0,Wichita State,Northern Iowa"
"12,Colonial Athletic Association,10,174,146,.544,1.22,0.61,0,1,0,Hofstra North Carolina-Wilmington,North Carolina-Wilmington"
"13,Mid-American Conference,12,224,179,.556,-0.40,-0.97,0,1,0,Akron (East) Ball State (West) Central Michigan (West),Buffalo"
"14,Big West Conference,9,150,143,.512,-0.72,0.08,0,1,0,Hawaii UC-Irvine,Hawaii"
"15,Ivy Group,8,123,113,.521,-1.33,-1.85,0,1,0,Yale,"
"16,Summit League,9,155,131,.542,-2.15,-1.41,0,1,0,Fort Wayne South Dakota State,South Dakota State"
"17,Horizon League,10,168,163,.508,-2.26,-0.91,0,1,0,Valparaiso,Green Bay"
"18,Sun Belt Conference,11,181,175,.508,-2.91,-2.34,0,1,0,Little Rock,Little Rock"
"19,Conference USA,14,225,237,.487,-4.13,-2.70,0,1,0,Alabama-Birmingham,Middle Tennessee"
"20,Metro Atlantic Athletic Conference,11,167,188,.470,-4.51,-3.46,0,1,0,Monmouth,Iona"
"21,Southern Conference,10,170,165,.507,-5.38,-3.40,0,1,0,Chattanooga,Chattanooga"
"22,Ohio Valley Conference,12,184,198,.482,-5.41,-3.40,0,1,0,Belmont (East),Austin Peay"
"23,Big South Conference,11,175,176,.499,-6.54,-4.36,0,1,0,High Point Winthrop,North Carolina-Asheville"
"24,Western Athletic Conference,8,125,131,.488,-6.66,-3.85,0,1,0,New Mexico State,Cal State Bakersfield"
"25,Atlantic Sun Conference,8,124,142,.466,-7.21,-4.07,0,1,0,North Florida,Florida Gulf Coast"
"26,Big Sky Conference,12,181,203,.471,-7.94,-5.05,0,1,0,Weber State,Weber State"
"27,Patriot League,10,146,173,.458,-8.55,-6.21,0,1,0,Bucknell,Holy Cross"
"28,America East Conference,9,137,153,.472,-8.83,-6.24,0,1,0,Stony Brook,Stony Brook"
"29,Southland Conference,13,186,221,.457,-10.68,-6.56,0,1,0,Stephen F. Austin,Stephen F. Austin"
"30,Northeast Conference,10,133,182,.422,-12.87,-8.79,0,1,0,Wagner,Fairleigh Dickinson"
"31,Southwest Athletic Conference,10,130,194,.401,-13.98,-8.48,0,1,0,Texas Southern,Southern"
"32,Mid-Eastern Athletic Conference,13,165,250,.398,-14.26,-8.14,0,1,0,Hampton,Hampton"
"Rk,Conference,Schls,W,L,W-L%,SRS,SOS,AP,NCAA,FF,Regular Season Champ,Tournament Champ"
"1,Big 12 Conference,10,209,128,.620,14.05,9.03,5,7,0,Kansas,Iowa State"
"2,Atlantic Coast Conference,15,316,200,.612,12.33,8.06,5,6,1,Virginia,Notre Dame"
"3,Big Ten Conference,14,287,191,.600,12.22,8.02,3,7,2,Wisconsin,Wisconsin"
"4,Big East Conference,10,199,136,.594,12.20,8.51,3,6,0,Villanova,Villanova"
"5,Southeastern Conference,14,276,198,.582,10.65,7.51,2,5,1,Kentucky,Kentucky"
"6,Pacific-12 Conference,12,242,166,.593,9.74,6.59,2,4,0,Arizona,Arizona"
"7,West Coast Conference,10,179,147,.549,5.07,3.84,1,2,0,Gonzaga,Gonzaga"
"8,Atlantic 10 Conference,14,250,209,.545,4.43,3.32,1,3,0,Davidson,Virginia Commonwealth"
"9,American Athletic Conference,11,200,164,.549,3.35,2.29,1,2,0,Southern Methodist,Southern Methodist"
"10,Missouri Valley Conference,10,187,150,.555,2.25,1.50,2,2,0,Wichita State,Northern Iowa"
"11,Mountain West Conference,11,195,163,.545,1.69,1.32,0,3,0,Boise State San Diego State,Wyoming"
"12,Mid-American Conference,12,216,176,.551,1.20,-0.07,0,1,0,Buffalo (East) Kent State (East) Central Michigan (West),Buffalo"
"13,Big West Conference,9,148,143,.509,-0.76,0.09,0,1,0,UC-Davis,UC-Irvine"
"14,Conference USA,14,234,222,.513,-1.42,-0.75,0,1,0,Louisiana Tech,Alabama-Birmingham"
"15,Horizon League,9,148,146,.503,-1.69,-0.54,0,1,0,Valparaiso,Valparaiso"
"16,Ivy Group,8,122,116,.513,-1.99,-1.76,0,1,0,Harvard,"
"17,Colonial Athletic Association,10,157,168,.483,-3.02,-2.07,0,1,0,James Madison North Carolina-Wilmington Northeastern William & Mary,Northeastern"
"18,Independent,1,21,12,.636,-3.21,-4.07,0,0,0,,"
"19,Metro Atlantic Athletic Conference,11,166,189,.468,-3.75,-2.93,0,1,0,Iona,Manhattan"
"20,Sun Belt Conference,11,181,172,.513,-4.40,-3.48,0,1,0,Georgia State,Georgia State"
"21,Summit League,9,141,143,.496,-4.83,-3.21,0,1,0,North Dakota State South Dakota State,North Dakota State"
"22,Ohio Valley Conference,12,190,192,.497,-4.99,-3.44,0,1,0,Murray State (West),Belmont"
"23,Patriot League,10,154,161,.489,-5.35,-3.55,0,1,0,Bucknell,Lafayette"
"24,Southern Conference,10,157,165,.488,-6.24,-4.07,0,1,0,Wofford,Wofford"
"25,Big Sky Conference,12,178,199,.472,-7.10,-4.56,0,1,0,Eastern Washington Montana,Eastern Washington"
"26,Big South Conference,11,181,179,.503,-7.69,-5.41,0,1,0,Charleston Southern High Point,Coastal Carolina"
"27,America East Conference,9,125,160,.439,-7.79,-4.73,0,1,0,Albany (NY),Albany (NY)"
"28,Northeast Conference,10,140,175,.444,-7.99,-5.04,0,1,0,St. Francis (NY),Robert Morris"
"29,Western Athletic Conference,8,115,144,.444,-8.14,-4.59,0,1,0,New Mexico State,New Mexico State"
"30,Southland Conference,13,196,207,.486,-9.02,-5.70,0,1,0,Stephen F. Austin,Stephen F. Austin"
"31,Atlantic Sun Conference,8,125,135,.481,-9.10,-5.79,0,1,0,North Florida,North Florida"
"32,Mid-Eastern Athletic Conference,13,171,251,.405,-12.87,-7.36,0,1,0,North Carolina Central,Hampton"
"33,Southwest Athletic Conference,10,120,198,.377,-15.63,-8.87,0,1,0,Texas Southern,Texas Southern"
"Rk,Conference,Schls,W,L,W-L%,SRS,SOS,AP,NCAA,FF,Regular Season Champ,Tournament Champ"
"1,Big 12 Conference,10,207,133,.609,13.24,9.09,4,7,0,Kansas,Iowa State"
"2,Big Ten Conference,12,258,159,.619,13.18,8.31,4,6,1,Michigan,Michigan State"
"3,Pacific-12 Conference,12,248,160,.608,11.22,7.59,2,6,0,Arizona,UCLA"
"4,Big East Conference,10,198,136,.593,10.90,7.21,2,4,0,Villanova,Providence"
"5,Atlantic Coast Conference,15,300,210,.588,10.80,7.21,4,6,0,Virginia,Virginia"
"6,Southeastern Conference,14,281,199,.585,9.66,6.47,1,3,2,Florida,Florida"
"7,American Athletic Conference,10,204,138,.596,9.08,5.79,3,4,1,Cincinnati Louisville,Louisville"
"8,Atlantic 10 Conference,13,251,176,.588,6.55,4.12,2,6,0,Saint Louis,Saint Joseph's"
"9,West Coast Conference,10,189,146,.564,5.23,3.63,0,2,0,Gonzaga,Gonzaga"
"10,Mountain West Conference,11,206,160,.563,4.64,3.26,2,2,0,San Diego State,New Mexico"
"11,Missouri Valley Conference,10,177,152,.538,1.53,0.98,1,1,0,Wichita State,Wichita State"
"12,Horizon League,9,152,145,.512,-0.50,-0.22,0,1,0,Green Bay,Milwaukee"
"13,Conference USA,16,280,248,.530,-1.15,-0.84,0,1,0,Louisiana Tech Middle Tennessee Tulsa,Tulsa"
"14,Mid-American Conference,12,208,184,.531,-1.49,-0.95,0,1,0,Buffalo (East) Toledo (West) Western Michigan (West),Western Michigan"
"15,Ivy Group,8,125,117,.517,-1.77,-1.67,0,1,0,Harvard,"
"16,Big West Conference,9,140,150,.483,-1.90,-0.73,0,1,0,UC-Irvine,Cal Poly"
"17,Metro Atlantic Athletic Conference,11,173,187,.481,-2.31,-1.53,0,1,0,Iona,Manhattan"
"18,Sun Belt Conference,10,157,160,.495,-2.75,-1.41,0,1,0,Georgia State,Louisiana"
"19,Colonial Athletic Association,9,141,152,.481,-2.78,-1.53,0,1,0,Delaware,Delaware"
"20,Summit League,8,131,125,.512,-2.92,-1.74,0,1,0,North Dakota State,North Dakota State"
"21,Patriot League,10,153,164,.483,-4.58,-3.67,0,1,0,Boston University,American"
"22,Western Athletic Conference,9,135,153,.469,-5.77,-3.41,0,1,0,Utah Valley,New Mexico State"
"23,Ohio Valley Conference,12,185,201,.479,-6.54,-4.28,0,1,0,Belmont (East) Murray State (West),Eastern Kentucky"
"24,Big Sky Conference,11,159,182,.466,-7.38,-4.79,0,1,0,Weber State,Weber State"
"25,Atlantic Sun Conference,10,152,172,.469,-7.47,-4.72,0,1,0,Florida Gulf Coast Mercer,Mercer"
"26,Northeast Conference,10,138,178,.437,-8.67,-5.31,0,1,0,Robert Morris,Mount St. Mary's"
"27,America East Conference,9,119,162,.423,-9.19,-5.59,0,1,0,Vermont,Albany (NY)"
"28,Big South Conference,12,186,206,.474,-9.84,-6.56,0,1,0,High Point (North) Coastal Carolina (South),Coastal Carolina"
"29,Southland Conference,14,206,226,.477,-10.37,-6.20,0,1,0,Stephen F. Austin,Stephen F. Austin"
"30,Southern Conference,11,162,195,.454,-10.38,-6.54,0,1,0,Davidson,Wofford"
"31,Mid-Eastern Athletic Conference,13,167,246,.404,-11.13,-6.53,0,1,0,North Carolina Central,North Carolina Central"
"32,Independent,1,13,16,.448,-12.52,-7.48,0,0,0,,"
"33,Southwest Athletic Conference,10,132,184,.418,-14.47,-9.03,0,1,0,Southern,Texas Southern"
"1,Big Ten Conference,12,262,159,.622,14.14,9.21,5,7,1,Indiana,Ohio State"
"2,Big East Conference,15,316,191,.623,11.81,7.29,6,8,2,Georgetown Louisville Marquette,Louisville"
"3,Atlantic Coast Conference,12,245,163,.600,10.07,6.44,2,4,0,Miami (FL),Miami (FL)"
"4,Pacific-12 Conference,12,237,168,.585,9.88,6.70,3,5,0,UCLA,Oregon"
"5,Big 12 Conference,10,199,139,.589,9.49,6.29,3,5,0,Kansas Kansas State,Kansas"
"6,Mountain West Conference,9,185,113,.621,8.40,5.61,1,5,0,New Mexico,New Mexico"
"7,Southeastern Conference,14,263,203,.564,8.22,5.09,1,3,0,Florida,Mississippi"
"8,Atlantic 10 Conference,16,293,225,.566,6.08,4.23,1,5,0,Saint Louis,Saint Louis"
"9,Missouri Valley Conference,10,194,150,.564,6.07,4.28,1,2,1,Creighton,Creighton"
"10,West Coast Conference,9,175,130,.574,4.62,2.84,1,2,0,Gonzaga,Gonzaga"
"11,Conference USA,12,225,175,.563,1.44,0.40,1,1,0,Memphis,Memphis"
"12,Western Athletic Conference,10,164,156,.513,-0.48,-0.62,0,1,0,Denver Louisiana Tech,New Mexico State"
"13,Horizon League,9,160,140,.533,-0.54,-0.57,0,1,0,Valparaiso,Valparaiso"
"14,Metro Atlantic Athletic Conference,10,161,169,.488,-2.11,-1.47,0,1,0,Niagara,Iona"
"15,Mid-American Conference,12,191,196,.494,-2.30,-1.36,0,1,0,Akron (East) Ohio (East) Western Michigan (West),Akron"
"16,Big West Conference,10,156,169,.480,-2.73,-0.95,0,1,0,Long Beach State,Pacific"
"17,Sun Belt Conference,11,174,178,.494,-3.45,-2.48,0,2,0,Middle Tennessee (East) Arkansas State (West),Western Kentucky"
"18,Patriot League,8,125,128,.494,-3.54,-3.04,0,1,0,Bucknell,Bucknell"
"19,Colonial Athletic Association,11,163,192,.459,-3.58,-1.85,0,1,0,Northeastern,James Madison"
"20,Ivy Group,8,107,128,.455,-3.73,-1.98,0,1,0,Harvard,"
"21,Ohio Valley Conference,12,188,187,.501,-5.25,-3.57,0,1,0,Belmont (East) Murray State (West),Belmont"
"22,America East Conference,9,135,147,.479,-5.63,-4.16,0,1,0,Stony Brook,Albany (NY)"
"23,Summit League,9,138,153,.474,-6.43,-3.55,0,1,0,South Dakota State Western Illinois,South Dakota State"
"24,Atlantic Sun Conference,10,144,176,.450,-7.25,-3.92,0,1,0,Mercer,Florida Gulf Coast"
"25,Northeast Conference,12,171,203,.457,-7.33,-4.60,0,1,0,Robert Morris,Long Island University"
"26,Southern Conference,12,175,212,.452,-7.61,-4.81,0,1,0,Elon (North) Davidson (South),Davidson"
"27,Southland Conference,10,145,170,.460,-7.79,-4.50,0,1,0,Stephen F. Austin,Northwestern State"
"28,Big Sky Conference,11,157,187,.456,-8.22,-5.29,0,1,0,Montana,Montana"
"29,Big South Conference,12,172,214,.446,-8.86,-5.67,0,1,0,High Point (North) Charleston Southern (South),Liberty"
"30,Mid-Eastern Athletic Conference,13,173,244,.415,-10.52,-6.02,0,1,0,Norfolk State,North Carolina A&T"
"31,Great West Conference,5,71,86,.452,-12.00,-7.43,0,0,0,NJIT,Chicago State"
"32,Independent,2,22,34,.393,-13.85,-4.15,0,0,0,,"
"33,Southwest Athletic Conference,10,118,192,.381,-15.28,-8.88,0,1,0,Texas Southern,Southern"
"Rk,Conference,Schls,W,L,W-L%,SRS,SOS,AP,NCAA,FF,Regular Season Champ,Tournament Champ"
"1,Big Ten Conference,12,260,157,.624,12.77,8.18,5,6,1,Michigan Michigan State Ohio State,Michigan State"
"2,Big 12 Conference,10,209,131,.615,11.71,7.49,3,6,1,Kansas,Missouri"
"3,Big East Conference,16,334,217,.606,10.66,6.81,4,9,1,Syracuse,Louisville"
"4,Southeastern Conference,12,246,160,.606,10.09,6.24,3,4,1,Kentucky,Vanderbilt"
"5,Atlantic Coast Conference,12,232,166,.583,8.74,5.76,3,5,0,North Carolina,Florida State"
"6,Mountain West Conference,8,165,96,.632,7.04,3.36,3,4,0,New Mexico San Diego State,New Mexico"
"7,Pacific-12 Conference,12,226,185,.550,6.74,4.83,0,2,0,Washington,Colorado"
"8,Atlantic 10 Conference,14,251,205,.550,5.28,3.59,0,4,0,Temple,St. Bonaventure"
"9,Missouri Valley Conference,10,180,151,.544,4.85,3.48,2,2,0,Wichita State,Creighton"
"10,Conference USA,12,218,172,.559,4.15,2.48,0,2,0,Memphis,Memphis"
"11,West Coast Conference,9,158,132,.545,1.63,1.33,1,3,0,Saint Mary's (CA),Saint Mary's (CA)"
"12,Western Athletic Conference,8,150,121,.554,0.42,-0.40,0,1,0,Nevada,New Mexico State"
"13,Colonial Athletic Association,12,197,200,.496,-1.41,-0.86,0,1,0,Drexel,Virginia Commonwealth"
"14,Horizon League,10,167,160,.511,-1.41,-0.21,0,1,0,Valparaiso,Detroit Mercy"
"15,Mid-American Conference,12,195,197,.497,-1.56,-0.91,0,1,0,Akron (East) Eastern Michigan (West),Ohio"
"16,Sun Belt Conference,12,177,197,.473,-2.26,-0.88,0,1,0,Middle Tennessee (East) Little Rock (West),Western Kentucky"
"17,Ivy Group,8,125,119,.512,-2.42,-2.08,0,1,0,Harvard,"
"18,Atlantic Sun Conference,10,156,167,.483,-2.54,-1.03,0,1,0,Belmont,Belmont"
"19,Summit League,10,168,153,.523,-2.72,-1.94,0,1,0,Oral Roberts,South Dakota State"
"20,Metro Atlantic Athletic Conference,10,157,169,.482,-4.10,-2.85,0,2,0,Iona,Loyola (MD)"
"21,Big West Conference,9,133,148,.473,-4.29,-2.33,0,1,0,Long Beach State,Long Beach State"
"22,Southern Conference,12,179,200,.472,-5.83,-3.13,0,1,0,North Carolina-Greensboro (North) Davidson (South),Davidson"
"23,Patriot League,8,123,128,.490,-6.16,-4.75,0,1,0,Bucknell,Lehigh"
"24,Big Sky Conference,9,127,145,.467,-6.20,-3.69,0,1,0,Montana,Montana"
"25,Big South Conference,11,167,182,.479,-6.22,-4.25,0,1,0,North Carolina-Asheville,North Carolina-Asheville"
"26,Ohio Valley Conference,11,172,175,.496,-6.30,-4.05,1,1,0,Murray State,Murray State"
"27,Southland Conference,12,180,197,.477,-7.31,-4.47,0,1,0,Lamar (East) Texas-Arlington (West),Lamar"
"28,Northeast Conference,12,167,207,.447,-7.42,-4.99,0,1,0,Long Island University,Long Island University"
"29,America East Conference,9,121,163,.426,-8.80,-6.12,0,1,0,Stony Brook,Vermont"
"30,Independent,3,38,51,.427,-10.60,-4.13,0,0,0,,"
"31,Mid-Eastern Athletic Conference,13,176,238,.425,-10.63,-6.05,0,1,0,Savannah State,Norfolk State"
"32,Great West Conference,6,77,112,.407,-12.73,-5.90,0,0,0,Utah Valley,North Dakota"
"33,Southwest Athletic Conference,10,118,195,.377,-16.71,-9.40,0,1,0,Mississippi Valley State,Mississippi Valley State"
"Rk,Conference,Schls,W,L,W-L%,SRS,SOS,AP,NCAA,FF,Regular Season Champ,Tournament Champ"
"1,Big Ten Conference,11,224,146,.605,14.63,9.56,3,7,0,Ohio State,Ohio State"
"2,Big East Conference,16,331,210,.612,13.27,8.59,7,11,1,Pittsburgh,Connecticut"
"3,Big 12 Conference,12,257,149,.633,12.00,6.30,4,5,0,Kansas,Kansas"
"4,Atlantic Coast Conference,12,241,163,.597,11.23,6.82,2,4,0,North Carolina,Duke"
"5,Pacific-10 Conference,10,195,146,.572,10.07,7.19,2,4,0,Arizona,Washington"
"6,Southeastern Conference,12,237,165,.590,8.57,5.23,3,5,1,Florida (East) Alabama (West),Kentucky"
"7,Mountain West Conference,9,181,120,.601,8.16,5.07,2,3,0,Brigham Young San Diego State,San Diego State"
"8,Conference USA,12,233,160,.593,4.39,1.88,0,2,0,Alabama-Birmingham,Memphis"
"9,Atlantic 10 Conference,14,243,209,.538,3.15,2.37,1,3,0,Xavier,Richmond"
"10,West Coast Conference,8,142,126,.530,2.64,2.17,0,1,0,Gonzaga Saint Mary's (CA),Gonzaga"
"11,Missouri Valley Conference,10,184,153,.546,2.32,1.45,0,1,0,Missouri State,Indiana State"
"12,Horizon League,10,179,153,.539,1.87,1.73,0,1,1,Butler Cleveland State Milwaukee,Butler"
"13,Western Athletic Conference,9,161,133,.548,1.56,0.34,1,1,0,Utah State,Utah State"
"14,Colonial Athletic Association,12,209,182,.535,0.81,0.47,0,3,1,George Mason,Old Dominion"
"15,Big West Conference,9,131,152,.463,-2.98,-1.28,0,1,0,Long Beach State,UC-Santa Barbara"
"16,Mid-American Conference,12,189,209,.475,-3.29,-1.48,0,1,0,Kent State (East) Western Michigan (West),Akron"
"17,Ivy Group,8,117,113,.509,-3.53,-2.64,0,1,0,Harvard Princeton,"
"18,Metro Atlantic Athletic Conference,10,157,168,.483,-3.60,-2.53,0,1,0,Fairfield,Saint Peter's"
"19,Atlantic Sun Conference,11,164,189,.465,-4.70,-2.65,0,1,0,Belmont,Belmont"
"20,Summit League,10,149,164,.476,-4.81,-2.98,0,1,0,Oakland,Oakland"
"21,Big Sky Conference,9,132,144,.478,-5.05,-2.89,0,1,0,Northern Colorado,Northern Colorado"
"22,Southern Conference,12,185,205,.474,-5.14,-2.54,0,1,0,Chattanooga (North) Western Carolina (North) College of Charleston (South) Wofford (South),Wofford"
"23,Sun Belt Conference,12,176,198,.471,-5.88,-3.65,0,1,0,Florida Atlantic (East) Arkansas State (West) Louisiana (West),Little Rock"
"24,Ohio Valley Conference,10,153,166,.480,-6.46,-4.94,0,1,0,Murray State,Morehead State"
"25,Big South Conference,10,155,161,.491,-6.49,-3.87,0,1,0,Coastal Carolina,North Carolina-Asheville"
"26,Northeast Conference,12,168,200,.457,-6.72,-4.68,0,1,0,Long Island University,Long Island University"
"27,Patriot League,8,113,135,.456,-6.95,-5.14,0,1,0,Bucknell,Bucknell"
"28,Southland Conference,12,181,186,.493,-7.76,-5.22,0,1,0,McNeese State (East) Sam Houston State (West) Texas State (West),Texas-San Antonio"
"29,America East Conference,9,126,157,.445,-8.17,-5.41,0,1,0,Vermont,Boston University"
"30,Mid-Eastern Athletic Conference,11,151,196,.435,-12.83,-7.66,0,1,0,Bethune-Cookman,Hampton"
"31,Independent,6,67,112,.374,-13.53,-3.71,0,0,0,,"
"32,Great West Conference,7,88,133,.398,-15.02,-8.40,0,0,0,Utah Valley,North Dakota"
"33,Southwest Athletic Conference,10,116,197,.371,-16.98,-9.41,0,1,0,Texas Southern,Alabama State"
"Rk,Conference,Schls,W,L,W-L%,SRS,SOS,AP,NCAA,FF,Regular Season Champ,Tournament Champ"
"1,Big 12 Conference,12,260,146,.640,13.62,8.00,4,7,0,Kansas,Kansas"
"2,Atlantic Coast Conference,12,260,146,.640,13.24,7.76,2,6,1,Duke Maryland,Duke"
"3,Big East Conference,16,327,210,.609,12.01,7.85,5,8,1,Syracuse,West Virginia"
"4,Big Ten Conference,11,218,155,.584,11.38,7.92,4,5,1,Michigan State Ohio State Purdue,Ohio State"
"5,Southeastern Conference,12,242,160,.602,10.71,6.47,3,4,0,Kentucky (East) Mississippi State (West),Kentucky"
"6,Pacific-10 Conference,10,178,146,.549,8.81,6.69,0,2,0,University of California,Washington"
"7,Mountain West Conference,9,173,123,.584,5.68,3.84,2,4,0,New Mexico,San Diego State"
"8,Atlantic 10 Conference,14,258,202,.561,4.17,3.21,3,3,0,Temple Xavier,Temple"
"9,Missouri Valley Conference,10,190,139,.578,4.12,2.46,0,1,0,Northern Iowa,Northern Iowa"
"10,Conference USA,12,216,178,.548,4.05,2.64,0,2,0,Texas-El Paso,Houston"
"11,Western Athletic Conference,9,163,132,.553,1.88,0.96,0,2,0,Utah State,New Mexico State"
"12,West Coast Conference,8,135,124,.521,1.25,2.10,1,2,0,Gonzaga,Saint Mary's (CA)"
"13,Horizon League,10,176,152,.537,0.29,0.93,1,1,1,Butler,Butler"
"14,Colonial Athletic Association,12,199,195,.505,0.23,0.42,0,1,0,Old Dominion,Old Dominion"
"15,Mid-American Conference,12,195,190,.506,-2.25,-1.27,0,1,0,Akron (East) Kent State (East) Eastern Michigan (West),Ohio"
"16,Metro Atlantic Athletic Conference,10,162,156,.509,-2.72,-2.91,0,1,0,Siena,Siena"
"17,Big West Conference,9,139,146,.488,-3.89,-1.67,0,1,0,Pacific UC-Santa Barbara,UC-Santa Barbara"
"18,Big Sky Conference,9,134,140,.489,-4.35,-2.01,0,1,0,Weber State,Montana"
"19,Southern Conference,12,191,201,.487,-4.63,-2.50,0,1,0,Appalachian State (North) Wofford (South),Wofford"
"20,Atlantic Sun Conference,9,144,141,.505,-5.41,-2.71,0,1,0,Belmont Campbell Jacksonville Lipscomb,East Tennessee State"
"21,Ohio Valley Conference,10,157,163,.491,-5.80,-3.33,0,1,0,Murray State,Murray State"
"22,Sun Belt Conference,13,199,212,.484,-5.85,-3.73,0,1,0,Middle Tennessee (East) Troy (East) North Texas (West),North Texas"
"23,Southland Conference,11,179,161,.526,-6.54,-4.35,0,1,0,Stephen F. Austin (East) Sam Houston State (West),Sam Houston State"
"24,Ivy Group,8,117,123,.488,-6.73,-4.33,0,1,0,Cornell,"
"25,America East Conference,9,132,153,.463,-8.18,-5.80,0,1,0,Stony Brook,Vermont"
"26,Summit League,10,152,160,.487,-8.42,-4.68,0,1,0,Oakland,Oakland"
"27,Patriot League,8,112,134,.455,-8.90,-7.31,0,1,0,Lehigh,Lehigh"
"28,Northeast Conference,11,152,190,.444,-11.25,-7.91,0,1,0,Quinnipiac Robert Morris,Robert Morris"
"29,Mid-Eastern Athletic Conference,11,150,201,.427,-12.07,-7.19,0,1,0,Morgan State,Morgan State"
"30,Big South Conference,9,142,137,.509,-12.40,-7.59,0,1,0,Coastal Carolina,Winthrop"
"31,Independent,2,23,34,.404,-13.80,-4.75,0,0,0,,"
"32,Southwest Athletic Conference,10,120,188,.390,-18.01,-11.01,0,1,0,Jackson State,Arkansas-Pine Bluff"
"33,Great West Conference,4,37,89,.294,-18.72,-7.39,0,0,0,South Dakota,South Dakota"
"Rk,Conference,Schls,W,L,W-L%,SRS,SOS,AP,NCAA,FF,Regular Season Champ,Tournament Champ"
"1,Atlantic Coast Conference,12,255,142,.642,12.49,7.82,5,7,1,North Carolina,Duke"
"2,Pacific-10 Conference,10,205,137,.599,11.90,8.06,3,6,0,Washington,Southern California"
"3,Big East Conference,16,335,214,.610,11.82,7.91,6,7,2,Louisville,Louisville"
"4,Big 12 Conference,12,260,153,.630,11.41,6.66,3,6,0,Kansas,Missouri"
"5,Big Ten Conference,11,232,143,.619,10.85,7.76,2,7,1,Michigan State,Purdue"
"6,Southeastern Conference,12,242,158,.605,8.35,4.56,1,3,0,South Carolina (East) Tennessee (East) Louisiana State (West),Mississippi State"
"7,Mountain West Conference,9,170,125,.576,6.45,4.03,1,2,0,Brigham Young New Mexico Utah,Utah"
"8,Conference USA,12,217,178,.549,3.76,2.87,1,1,0,Memphis,Memphis"
"9,Atlantic 10 Conference,14,244,206,.542,2.75,1.83,1,3,0,Xavier,Temple"
"10,Missouri Valley Conference,10,181,150,.547,2.49,1.95,0,1,0,Creighton Northern Iowa,Northern Iowa"
"11,Horizon League,10,168,152,.525,0.30,0.81,1,2,0,Butler,Cleveland State"
"12,Western Athletic Conference,9,158,135,.539,0.30,0.02,0,1,0,Utah State,Utah State"
"13,West Coast Conference,8,130,129,.502,-0.31,1.37,1,1,0,Gonzaga,Gonzaga"
"14,Colonial Athletic Association,12,201,190,.514,-2.26,-1.78,0,1,0,Virginia Commonwealth,Virginia Commonwealth"
"15,Metro Atlantic Athletic Conference,10,161,160,.502,-2.57,-1.80,0,1,0,Siena,Siena"
"16,Atlantic Sun Conference,7,122,100,.550,-2.76,-1.27,0,1,0,Jacksonville,East Tennessee State"
"17,Big West Conference,9,133,146,.477,-2.90,-1.63,0,1,0,Cal State Northridge,Cal State Northridge"
"18,Mid-American Conference,12,175,210,.455,-3.60,-2.07,0,1,0,Bowling Green State (East) Buffalo (East) Ball State (West) Central Michigan (West) Western Michigan (West),Akron"
"19,Summit League,10,142,173,.451,-3.74,-1.79,0,1,0,North Dakota State,North Dakota State"
"20,Sun Belt Conference,13,203,207,.495,-4.69,-3.15,0,1,0,Western Kentucky (East) Little Rock (West),Western Kentucky"
"21,Southland Conference,11,179,159,.530,-4.82,-3.10,0,1,0,Stephen F. Austin (East) Sam Houston State (West),Stephen F. Austin"
"22,Big Sky Conference,9,124,150,.453,-5.10,-2.31,0,1,0,Weber State,Portland State"
"23,America East Conference,9,140,141,.498,-6.16,-4.72,0,1,0,Binghamton Vermont,Binghamton"
"24,Ohio Valley Conference,10,148,163,.476,-6.37,-4.47,0,1,0,Tennessee-Martin,Morehead State"
"25,Southern Conference,12,183,201,.477,-7.69,-4.83,0,1,0,Chattanooga (North) Western Carolina (North) Davidson (South),Chattanooga"
"26,Ivy Group,8,101,125,.447,-7.92,-5.46,0,1,0,Cornell,"
"27,Patriot League,8,112,131,.461,-8.29,-6.41,0,1,0,American,American"
"28,Big South Conference,9,136,145,.484,-9.25,-5.49,0,1,0,Radford,Radford"
"29,Northeast Conference,11,151,189,.444,-9.47,-6.76,0,1,0,Robert Morris,Robert Morris"
"30,Independent,4,61,58,.513,-11.25,-3.80,0,0,0,,"
"31,Mid-Eastern Athletic Conference,11,148,202,.423,-12.97,-7.42,0,1,0,Morgan State,Morgan State"
"32,Southwest Athletic Conference,10,112,199,.360,-16.45,-9.49,0,1,0,Alabama State,Alabama State"
"Rk,Conference,Schls,W,L,W-L%,SRS,SOS,AP,NCAA,FF,Regular Season Champ,Tournament Champ"
"1,Big 12 Conference,12,253,154,.622,12.36,7.41,2,6,1,Kansas Texas,Kansas"
"2,Atlantic Coast Conference,12,248,153,.618,12.32,7.97,3,4,1,North Carolina,North Carolina"
"3,Pacific-10 Conference,10,207,133,.609,11.70,7.75,3,6,1,UCLA,UCLA"
"4,Big East Conference,16,315,217,.592,10.89,7.45,6,8,0,Georgetown,Pittsburgh"
"5,Southeastern Conference,12,244,157,.608,9.92,6.08,2,6,0,Tennessee (East) Mississippi State (West),Georgia"
"6,Big Ten Conference,11,214,156,.578,9.90,6.80,3,4,0,Wisconsin,Wisconsin"
"7,Missouri Valley Conference,10,184,145,.559,5.36,3.82,1,1,0,Drake,Drake"
"8,Atlantic 10 Conference,14,254,197,.563,4.97,3.32,1,3,0,Xavier,Temple"
"9,Mountain West Conference,9,165,126,.567,3.96,1.95,0,2,0,Brigham Young,Nevada-Las Vegas"
"10,Conference USA,12,221,175,.558,3.46,2.34,1,1,1,Memphis,Memphis"
"11,Horizon League,10,169,150,.530,0.68,1.38,1,1,0,Butler,Butler"
"12,Mid-American Conference,12,183,195,.484,-0.78,0.51,0,1,0,Kent State (East) Western Michigan (West),Kent State"
"13,West Coast Conference,8,122,135,.475,-1.47,0.09,1,3,0,Gonzaga,San Diego"
"14,Colonial Athletic Association,12,189,192,.496,-2.62,-2.05,0,1,0,Virginia Commonwealth,George Mason"
"15,Sun Belt Conference,13,213,196,.521,-2.77,-1.74,0,2,0,South Alabama (East) Western Kentucky (East) Little Rock (West) Louisiana (West),Western Kentucky"
"16,Southern Conference,11,173,177,.494,-3.34,-1.47,1,1,0,Appalachian State (North) Chattanooga (North) Davidson (South),Davidson"
"17,Western Athletic Conference,9,142,148,.490,-3.45,-1.83,0,1,0,Boise State Nevada New Mexico State Utah State,Boise State"
"18,Summit League,8,124,127,.494,-3.65,-1.04,0,1,0,Oral Roberts,Oral Roberts"
"19,Metro Atlantic Athletic Conference,10,152,164,.481,-4.24,-3.16,0,1,0,Rider Siena,Siena"
"20,Big West Conference,9,142,140,.504,-4.58,-2.82,0,1,0,Cal State Fullerton Cal State Northridge UC-Santa Barbara,Cal State Fullerton"
"21,Patriot League,8,125,119,.512,-5.48,-4.97,0,1,0,American,American"
"22,Southland Conference,11,179,158,.531,-6.28,-4.02,0,1,0,Lamar (East) Stephen F. Austin (West),Texas-Arlington"
"23,Big Sky Conference,9,129,144,.473,-6.43,-3.33,0,1,0,Portland State,Portland State"
"24,Atlantic Sun Conference,8,130,122,.516,-6.82,-4.43,0,1,0,Belmont,Belmont"
"25,Big South Conference,8,125,122,.506,-7.64,-4.85,0,1,0,North Carolina-Asheville Winthrop,Winthrop"
"26,America East Conference,9,124,154,.446,-7.65,-5.54,0,1,0,Maryland-Baltimore County,Maryland-Baltimore County"
"27,Ivy Group,8,105,127,.453,-7.75,-4.86,0,1,0,Cornell,"
"28,Northeast Conference,11,158,180,.467,-8.04,-6.18,0,1,0,Robert Morris,Mount St. Mary's"
"29,Ohio Valley Conference,11,156,186,.456,-9.69,-6.77,0,1,0,Austin Peay,Austin Peay"
"30,Independent,4,51,70,.421,-14.03,-3.29,0,0,0,,"
"31,Mid-Eastern Athletic Conference,11,150,203,.425,-14.32,-8.27,0,1,0,Morgan State,Coppin State"
"32,Southwest Athletic Conference,10,118,189,.384,-17.80,-11.23,0,1,0,Alabama State Mississippi Valley State,Mississippi Valley State"
"Rk,Conference,Schls,W,L,W-L%,SRS,SOS,AP,NCAA,FF,Regular Season Champ,Tournament Champ"
"1,Atlantic Coast Conference,12,256,150,.631,14.34,8.62,2,7,0,North Carolina Virginia,North Carolina"
"2,Southeastern Conference,12,253,153,.623,12.94,7.92,2,5,1,Florida (East) Mississippi State (West),Florida"
"3,Big Ten Conference,11,226,143,.612,11.95,7.59,2,6,1,Ohio State,Ohio State"
"4,Pacific-10 Conference,10,202,131,.607,11.26,7.92,4,6,1,UCLA,Oregon"
"5,Big East Conference,16,321,202,.614,11.14,6.84,5,6,1,Georgetown,Georgetown"
"6,Big 12 Conference,12,239,153,.610,10.25,5.93,3,4,0,Kansas,Kansas"
"7,Missouri Valley Conference,10,189,135,.583,8.58,5.99,1,2,0,Southern Illinois,Creighton"
"8,Mountain West Conference,9,176,117,.601,6.30,3.76,2,2,0,Brigham Young,Nevada-Las Vegas"
"9,Conference USA,12,208,172,.547,2.70,1.33,1,1,0,Memphis,Memphis"
"10,Western Athletic Conference,9,153,135,.531,1.04,0.84,1,2,0,Nevada,New Mexico State"
"11,Atlantic 10 Conference,14,227,209,.521,1.01,1.11,0,2,0,Massachusetts Xavier,George Washington"
"12,Horizon League,9,149,140,.516,0.30,1.16,1,2,0,Butler Wright State,Wright State"
"13,West Coast Conference,8,122,132,.480,-0.07,1.13,0,1,0,Gonzaga,Gonzaga"
"14,Mid-American Conference,12,186,194,.489,-0.39,0.33,0,1,0,Akron (East) Toledo (West),Miami (OH)"
"15,Colonial Athletic Association,12,188,192,.495,-1.30,-0.47,0,2,0,Virginia Commonwealth,Virginia Commonwealth"
"16,Big West Conference,8,129,118,.522,-4.14,-2.74,0,1,0,Long Beach State,Long Beach State"
"17,Mid-Continent Conference,8,118,133,.470,-4.36,-2.48,0,1,0,Oral Roberts,Oral Roberts"
"18,Southern Conference,11,172,174,.497,-4.70,-2.20,0,1,0,Appalachian State (North) Davidson (South),Davidson"
"19,Patriot League,8,123,123,.500,-5.68,-3.68,0,1,0,Bucknell Holy Cross,Holy Cross"
"20,Ivy Group,8,111,115,.491,-6.13,-4.40,0,1,0,Pennsylvania,"
"21,Big South Conference,8,122,129,.486,-6.24,-3.76,1,1,0,Winthrop,Winthrop"
"22,Metro Atlantic Athletic Conference,10,147,169,.465,-6.48,-4.58,0,1,0,Marist,Niagara"
"23,Big Sky Conference,8,123,121,.504,-6.64,-3.22,0,1,0,Northern Arizona Weber State,Weber State"
"24,America East Conference,9,129,147,.467,-7.29,-5.42,0,1,0,Vermont,Albany (NY)"
"25,Sun Belt Conference,13,197,209,.485,-8.04,-5.18,0,1,0,South Alabama (East) Arkansas State (West) Louisiana-Monroe (West),North Texas"
"26,Atlantic Sun Conference,8,127,122,.510,-8.15,-4.35,0,1,0,East Tennessee State,Belmont"
"27,Southland Conference,11,162,175,.481,-8.40,-4.84,0,1,0,Northwestern State (East) Texas A&M-Corpus Christi (West),Texas A&M-Corpus Christi"
"28,Ohio Valley Conference,11,155,189,.451,-8.98,-5.99,0,1,0,Austin Peay,Eastern Kentucky"
"29,Northeast Conference,11,146,187,.438,-9.23,-6.75,0,1,0,Central Connecticut State,Central Connecticut State"
"30,Independent,4,47,70,.402,-10.57,-1.86,0,0,0,,"
"31,Mid-Eastern Athletic Conference,11,143,204,.412,-14.23,-8.65,0,1,0,Delaware State,Florida A&M"
"32,Southwest Athletic Conference,10,126,182,.409,-18.76,-11.43,0,1,0,Jackson State Mississippi Valley State,Jackson State"
"Rk,Conference,Schls,W,L,W-L%,SRS,SOS,AP,NCAA,FF,Regular Season Champ,Tournament Champ"
"1,Atlantic Coast Conference,12,238,147,.618,11.53,6.40,3,4,0,Duke,Duke"
"2,Big East Conference,16,309,194,.614,11.23,7.13,6,8,0,Connecticut Villanova,Syracuse"
"3,Southeastern Conference,12,240,149,.617,11.01,6.96,3,6,2,Tennessee (East) Louisiana State (West),Florida"
"4,Pacific-10 Conference,10,181,135,.573,10.43,7.55,2,4,1,UCLA,UCLA"
"5,Big 12 Conference,12,215,146,.596,10.39,6.84,3,4,0,Kansas Texas,Kansas"
"6,Big Ten Conference,11,213,133,.616,10.32,6.66,3,6,0,Ohio State,Iowa"
"7,Missouri Valley Conference,10,179,133,.574,6.60,4.68,0,4,0,Wichita State,Southern Illinois"
"8,Mountain West Conference,9,152,124,.551,5.02,3.53,0,2,0,San Diego State,San Diego State"
"9,Atlantic 10 Conference,14,218,201,.520,2.66,1.93,1,2,0,George Washington,Xavier"
"10,Western Athletic Conference,9,142,131,.520,2.11,2.23,1,2,0,Nevada,Nevada"
"11,West Coast Conference,8,118,117,.502,1.87,2.63,1,1,0,Gonzaga,Gonzaga"
"12,Colonial Athletic Association,12,196,172,.533,0.82,0.35,0,2,1,George Mason North Carolina-Wilmington,North Carolina-Wilmington"
"13,Conference USA,12,191,169,.531,0.31,0.29,2,2,0,Memphis,Memphis"
"14,Mid-American Conference,12,185,177,.511,-0.99,-0.42,0,1,0,Kent State (East) Northern Illinois (West),Kent State"
"15,Horizon League,9,138,134,.507,-1.47,-0.33,0,1,0,Milwaukee,Milwaukee"
"16,Metro Atlantic Athletic Conference,10,146,147,.498,-1.74,-1.08,0,1,0,Manhattan,Iona"
"17,Big Sky Conference,8,125,110,.532,-2.08,-1.15,0,1,0,Northern Arizona,Montana"
"18,Sun Belt Conference,11,164,159,.508,-2.39,-1.27,0,1,0,Western Kentucky (East) South Alabama (West),South Alabama"
"19,Big West Conference,8,115,119,.491,-3.03,-1.54,0,1,0,Pacific,Pacific"
"20,Southland Conference,11,159,162,.495,-5.97,-3.51,0,1,0,Northwestern State,Northwestern State"
"21,Mid-Continent Conference,9,114,149,.433,-7.02,-3.69,0,1,0,IUPUI Oral Roberts,Oral Roberts"
"22,Ivy Group,8,100,121,.452,-7.23,-5.08,0,1,0,Pennsylvania,"
"23,Patriot League,8,114,122,.483,-7.23,-4.63,0,1,0,Bucknell,Bucknell"
"24,America East Conference,9,113,148,.433,-7.40,-4.90,0,1,0,Albany (NY),Albany (NY)"
"25,Northeast Conference,11,147,173,.459,-7.50,-5.72,0,1,0,Fairleigh Dickinson,Monmouth"
"26,Southern Conference,11,166,163,.505,-7.57,-4.96,0,1,0,Elon (North) Georgia Southern (South),Davidson"
"27,Ohio Valley Conference,11,153,167,.478,-7.83,-5.40,0,1,0,Murray State,Murray State"
"28,Big South Conference,9,130,131,.498,-8.92,-6.13,0,1,0,Winthrop,Winthrop"
"29,Atlantic Sun Conference,9,122,141,.464,-10.96,-8.01,0,1,0,Belmont Lipscomb,Belmont"
"30,Southwest Athletic Conference,10,117,175,.401,-14.16,-8.85,0,1,0,Southern,Southern"
"31,Mid-Eastern Athletic Conference,11,129,207,.384,-14.58,-8.87,0,1,0,Delaware State,Hampton"
"32,Independent,4,39,78,.333,-14.84,-2.48,0,0,0,,"
"Rk,Conference,Schls,W,L,W-L%,SRS,SOS,AP,NCAA,FF,Regular Season Champ,Tournament Champ"
"1,Atlantic Coast Conference,11,221,132,.626,14.50,9.08,4,5,1,North Carolina,Duke"
"2,Big 12 Conference,12,226,144,.611,12.26,7.96,4,6,0,Kansas Oklahoma,Oklahoma State"
"3,Big East Conference,12,224,143,.610,11.42,7.21,4,6,0,Boston College Connecticut,Syracuse"
"4,Big Ten Conference,11,207,145,.588,11.35,8.26,3,5,2,Illinois,Illinois"
"5,Southeastern Conference,12,227,153,.597,11.05,6.81,3,5,0,Kentucky (East) Alabama (West) Louisiana State (West),Florida"
"6,Pacific-10 Conference,10,181,128,.586,8.81,6.72,2,4,0,Arizona,Washington"
"7,Missouri Valley Conference,10,177,134,.569,6.18,4.29,0,3,0,Southern Illinois,Creighton"
"8,Conference USA,14,254,190,.572,6.17,4.19,2,4,1,Louisville,Louisville"
"9,Mountain West Conference,8,136,108,.557,6.02,4.29,1,2,0,Utah,New Mexico"
"10,West Coast Conference,8,142,103,.580,3.63,2.43,1,2,0,Gonzaga,Gonzaga"
"11,Mid-American Conference,13,210,180,.538,2.91,2.45,0,1,0,Miami (OH) (East) Toledo (West) Western Michigan (West),Ohio"
"12,Western Athletic Conference,10,162,144,.529,2.50,1.72,0,2,0,Nevada,Texas-El Paso"
"13,Atlantic 10 Conference,12,166,189,.468,0.17,1.51,0,1,0,Saint Joseph's (East) George Washington (West),George Washington"
"14,Sun Belt Conference,11,171,156,.523,-0.95,-0.10,0,1,0,Little Rock (East) Denver (West),Louisiana"
"15,Horizon League,9,127,134,.487,-1.03,0.42,0,1,0,Milwaukee,Milwaukee"
"16,Big West Conference,10,149,150,.498,-1.76,-0.78,1,2,0,Pacific,Utah State"
"17,Colonial Athletic Association,10,150,150,.500,-3.17,-2.48,0,1,0,Old Dominion,Old Dominion"
"18,America East Conference,10,145,147,.497,-4.80,-3.92,0,1,0,Vermont,Vermont"
"19,Mid-Continent Conference,9,121,143,.458,-4.89,-1.66,0,1,0,Oral Roberts,Oakland"
"20,Metro Atlantic Athletic Conference,10,133,160,.454,-4.94,-3.64,0,1,0,Niagara Rider,Niagara"
"21,Ivy Group,8,105,115,.477,-5.38,-4.11,0,1,0,Pennsylvania,"
"22,Southern Conference,12,183,174,.513,-5.97,-3.73,0,1,0,Chattanooga (North) Davidson (South),Chattanooga"
"23,Ohio Valley Conference,11,150,169,.470,-6.53,-3.82,0,1,0,Tennessee Tech,Eastern Kentucky"
"24,Patriot League,8,111,122,.476,-6.85,-4.73,0,1,0,Holy Cross,Bucknell"
"25,Southland Conference,11,162,156,.509,-7.19,-4.72,0,1,0,Northwestern State Southeastern Louisiana,Southeastern Louisiana"
"26,Big Sky Conference,8,105,123,.461,-7.99,-5.09,0,1,0,Portland State,Montana"
"27,Big South Conference,9,124,140,.470,-10.31,-6.86,0,1,0,Winthrop,Winthrop"
"28,Atlantic Sun Conference,11,152,166,.478,-10.38,-7.72,0,1,0,Central Florida Gardner-Webb,Central Florida"
"29,Northeast Conference,11,138,177,.438,-10.58,-7.49,0,1,0,Monmouth,Fairleigh Dickinson"
"30,Independent,4,39,74,.345,-13.01,-4.20,0,0,0,,"
"31,Mid-Eastern Athletic Conference,11,136,189,.418,-14.13,-9.64,0,1,0,Delaware State,Delaware State"
"32,Southwest Athletic Conference,10,119,169,.413,-17.19,-11.80,0,1,0,Alabama A&M,Alabama A&M"
"Rk,Conference,Schls,W,L,W-L%,SRS,SOS,AP,NCAA,FF,Regular Season Champ,Tournament Champ"
"1,Atlantic Coast Conference,9,187,104,.643,16.55,10.72,6,6,2,Duke,Maryland"
"2,Southeastern Conference,12,227,138,.622,11.76,7.28,3,6,0,Kentucky (East) Mississippi State (West),Kentucky"
"3,Big 12 Conference,12,224,150,.599,10.70,6.83,3,4,1,Oklahoma State,Oklahoma State"
"4,Big East Conference,14,274,171,.616,10.18,6.61,5,6,1,Pittsburgh,Connecticut"
"5,Big Ten Conference,11,188,147,.561,8.21,6.42,2,3,0,Illinois,Wisconsin"
"6,Mountain West Conference,8,137,101,.576,7.25,4.39,0,3,0,Air Force,Utah"
"7,Pacific-10 Conference,10,159,133,.545,7.09,5.93,2,3,0,Stanford,Stanford"
"8,Conference USA,14,235,180,.566,6.80,4.70,2,6,0,Alabama-Birmingham Charlotte Cincinnati DePaul Memphis,Cincinnati"
"9,Western Athletic Conference,10,171,141,.548,5.60,4.24,0,2,0,Nevada Texas-El Paso,Nevada"
"10,Atlantic 10 Conference,12,198,174,.532,4.54,3.94,1,4,0,Saint Joseph's (East) Dayton (West),Xavier"
"11,Missouri Valley Conference,10,159,141,.530,3.39,2.48,0,2,0,Southern Illinois,Northern Iowa"
"12,West Coast Conference,8,125,118,.514,1.80,2.13,1,1,0,Gonzaga,Gonzaga"
"13,Mid-American Conference,13,195,191,.505,0.27,0.52,0,1,0,Kent State (East) Western Michigan (West),Western Michigan"
"14,Colonial Athletic Association,10,148,146,.503,-0.47,-0.62,0,1,0,Virginia Commonwealth,Virginia Commonwealth"
"15,Horizon League,9,131,134,.494,-0.49,0.14,0,1,0,Milwaukee,Illinois-Chicago"
"16,Big West Conference,10,144,144,.500,-1.08,-0.31,1,1,0,Pacific Utah State,Pacific"
"17,Sun Belt Conference,11,160,151,.514,-2.66,-1.75,0,1,0,Little Rock (East) Louisiana (West),Louisiana"
"18,Mid-Continent Conference,9,125,141,.470,-3.39,-1.33,0,1,0,Valparaiso,Valparaiso"
"19,Metro Atlantic Athletic Conference,10,142,156,.477,-4.04,-2.83,0,1,0,Manhattan,Manhattan"
"20,Big Sky Conference,8,108,121,.472,-4.31,-2.16,0,1,0,Eastern Washington,Eastern Washington"
"21,Southern Conference,12,181,171,.514,-5.26,-3.43,0,1,0,East Tennessee State (North) College of Charleston (South) Davidson (South) Georgia Southern (South),East Tennessee State"
"22,Ohio Valley Conference,11,153,165,.481,-5.70,-3.28,0,1,0,Austin Peay,Murray State"
"23,Ivy Group,8,91,127,.417,-6.54,-4.20,0,1,0,Princeton,"
"24,Atlantic Sun Conference,11,155,163,.487,-7.06,-4.87,0,1,0,Troy,Central Florida"
"25,America East Conference,10,142,153,.481,-8.11,-6.67,0,1,0,Boston University,Vermont"
"26,Southland Conference,11,154,165,.483,-9.38,-6.37,0,1,0,Southeastern Louisiana Texas-Arlington Texas-San Antonio,Texas-San Antonio"
"27,Northeast Conference,11,146,170,.462,-9.73,-7.50,0,1,0,Monmouth St. Francis (NY),Monmouth"
"28,Patriot League,8,109,122,.472,-9.79,-7.00,0,1,0,American Lehigh,Lehigh"
"29,Big South Conference,9,120,140,.462,-9.92,-6.71,0,1,0,Birmingham-Southern Liberty,Liberty"
"30,Independent,4,36,74,.327,-11.88,-2.54,0,0,0,,"
"31,Mid-Eastern Athletic Conference,11,125,196,.389,-13.74,-9.43,0,1,0,Coppin State South Carolina State,Florida A&M"
"32,Southwest Athletic Conference,10,119,169,.413,-15.90,-11.27,0,1,0,Alabama State Mississippi Valley State,Alabama State"
"Rk,Conference,Schls,W,L,W-L%,SRS,SOS,AP,NCAA,FF,Regular Season Champ,Tournament Champ"
"1,Southeastern Conference,12,220,145,.603,12.95,8.58,4,6,0,Kentucky (East) Mississippi State (West),Kentucky"
"2,Big 12 Conference,12,238,146,.620,12.94,8.21,4,6,2,Kansas,Oklahoma"
"3,Atlantic Coast Conference,9,170,111,.605,12.75,7.83,3,4,0,Wake Forest,Duke"
"4,Big East Conference,14,262,179,.594,11.03,7.13,4,4,1,Boston College (East) Connecticut (East) Pittsburgh (West) Syracuse (West),Pittsburgh"
"5,Big Ten Conference,11,200,146,.578,10.68,7.66,2,5,0,Wisconsin,Illinois"
"6,Pacific-10 Conference,10,170,132,.563,9.81,7.72,2,5,0,Arizona,Oregon"
"7,Conference USA,14,231,187,.553,7.22,5.44,3,4,1,Marquette (American) Memphis (National),Louisville"
"8,Mountain West Conference,8,147,101,.593,6.39,4.10,0,3,0,Brigham Young Utah,Colorado State"
"9,Atlantic 10 Conference,12,184,174,.514,4.28,3.98,2,3,0,Saint Joseph's (East) Xavier (West),Dayton"
"10,Missouri Valley Conference,10,148,152,.493,1.60,1.70,1,2,0,Southern Illinois,Creighton"
"11,West Coast Conference,8,122,115,.515,1.28,1.45,0,2,0,Gonzaga,San Diego"
"12,Western Athletic Conference,10,154,143,.519,0.94,1.23,0,1,0,Fresno State,Tulsa"
"13,Sun Belt Conference,11,172,154,.528,0.87,0.49,0,1,0,Western Kentucky (East) Louisiana (West),Western Kentucky"
"14,Horizon League,9,142,131,.520,0.66,0.53,0,2,0,Butler,Milwaukee"
"15,Mid-American Conference,13,196,188,.510,0.46,0.94,0,1,0,Kent State (East) Central Michigan (West),Central Michigan"
"16,Colonial Athletic Association,10,141,148,.488,-2.77,-2.57,0,1,0,North Carolina-Wilmington,North Carolina-Wilmington"
"17,Big West Conference,10,138,151,.478,-2.94,-1.54,0,1,0,UC-Santa Barbara,Utah State"
"18,Metro Atlantic Athletic Conference,10,146,147,.498,-3.20,-2.54,0,1,0,Manhattan,Manhattan"
"19,Big Sky Conference,8,115,118,.494,-3.32,-1.73,0,1,0,Weber State,Weber State"
"20,Ivy Group,8,100,119,.457,-5.08,-3.54,0,1,0,Pennsylvania,"
"21,Southern Conference,12,180,174,.508,-5.59,-3.45,0,1,0,Appalachian State (North) Davidson (North) East Tennessee State (North) College of Charleston (South),East Tennessee State"
"22,Ohio Valley Conference,9,132,131,.502,-5.77,-3.13,0,1,0,Austin Peay Morehead State,Austin Peay"
"23,Mid-Continent Conference,8,105,131,.445,-6.03,-3.13,0,1,0,Valparaiso,IUPUI"
"24,America East Conference,9,126,139,.475,-6.77,-4.99,0,1,0,Boston University,Vermont"
"25,Patriot League,8,112,118,.487,-7.14,-5.70,0,1,0,Holy Cross,Holy Cross"
"26,Atlantic Sun Conference,12,171,178,.490,-7.41,-5.47,0,1,0,Belmont (North) Mercer (South) Troy (South),Troy"
"27,Southland Conference,11,147,163,.474,-9.08,-6.53,0,1,0,Sam Houston State,Sam Houston State"
"28,Northeast Conference,12,156,186,.456,-10.80,-8.21,0,1,0,Wagner,Wagner"
"29,Big South Conference,8,105,126,.455,-13.22,-8.84,0,1,0,Winthrop,North Carolina-Asheville"
"30,Southwest Athletic Conference,10,121,172,.413,-13.82,-9.34,0,1,0,Prairie View Texas Southern,Texas Southern"
"31,Mid-Eastern Athletic Conference,11,130,188,.409,-14.59,-10.32,0,1,0,South Carolina State,South Carolina State"
"32,Independent,6,58,114,.337,-16.02,-5.96,0,0,0,,"
"Rk,Conference,Schls,W,L,W-L%,SRS,SOS,AP,NCAA,FF,Regular Season Champ,Tournament Champ"
"1,Southeastern Conference,12,239,148,.618,13.72,8.64,5,6,0,Florida (East) Georgia (East) Kentucky (East) Alabama (West),Mississippi State"
"2,Atlantic Coast Conference,9,172,114,.601,12.99,8.71,2,4,1,Maryland,Duke"
"3,Pacific-10 Conference,10,179,131,.577,11.15,8.67,4,6,0,Oregon,Arizona"
"4,Big Ten Conference,11,197,153,.563,10.93,8.36,2,5,1,Illinois Indiana Ohio State Wisconsin,Ohio State"
"5,Big 12 Conference,12,232,153,.603,10.39,6.88,3,6,2,Kansas,Oklahoma"
"6,Big East Conference,14,266,178,.599,9.24,5.44,3,6,0,Connecticut (East) Pittsburgh (West),Connecticut"
"7,Conference USA,14,247,190,.565,8.11,5.65,2,3,0,Cincinnati (American) Memphis (National),Cincinnati"
"8,Mountain West Conference,8,140,104,.574,6.56,4.44,0,3,0,Wyoming,San Diego State"
"9,Atlantic 10 Conference,12,189,179,.514,3.56,3.95,1,1,0,Saint Joseph's (East) Temple (East) Xavier (West),Xavier"
"10,Western Athletic Conference,10,170,145,.540,3.15,2.47,1,2,0,Hawaii Tulsa,Hawaii"
"11,West Coast Conference,8,117,120,.494,0.39,1.09,1,2,0,Gonzaga Pepperdine,Gonzaga"
"12,Mid-American Conference,13,204,196,.510,0.28,0.90,0,1,0,Kent State (East) Ball State (West),Kent State"
"13,Missouri Valley Conference,10,150,154,.493,0.26,0.82,0,2,0,Creighton Southern Illinois,Creighton"
"14,Horizon League,9,140,130,.519,0.12,-0.19,0,1,0,Butler,Illinois-Chicago"
"15,Sun Belt Conference,11,170,158,.518,-0.75,-0.74,1,1,0,Western Kentucky (East) Louisiana (West) New Mexico State (West),Western Kentucky"
"16,Big West Conference,10,146,144,.503,-1.78,-0.63,0,1,0,UC-Irvine Utah State,UC-Santa Barbara"
"17,Southern Conference,12,189,162,.538,-1.80,-1.03,0,1,0,Davidson (North) East Tennessee State (North) North Carolina-Greensboro (North) Chattanooga (South) College of Charleston (South) Georgia Southern (South),Davidson"
"18,Colonial Athletic Association,10,151,149,.503,-2.63,-2.00,0,1,0,North Carolina-Wilmington,North Carolina-Wilmington"
"19,Mid-Continent Conference,8,117,119,.496,-2.79,-1.40,0,1,0,Valparaiso,Valparaiso"
"20,Ivy Group,8,118,109,.520,-4.40,-3.90,0,1,0,Pennsylvania Princeton Yale,"
"21,Big Sky Conference,8,116,115,.502,-5.16,-2.55,0,1,0,Montana State,Montana"
"22,Ohio Valley Conference,9,132,138,.489,-5.64,-2.41,0,1,0,Tennessee Tech,Murray State"
"23,Metro Atlantic Athletic Conference,10,135,163,.453,-5.69,-4.86,0,1,0,Marist Rider,Siena"
"24,Atlantic Sun Conference,11,155,162,.489,-6.82,-4.84,0,1,0,Georgia State Troy,Florida Atlantic"
"25,Patriot League,8,108,127,.460,-8.15,-6.39,0,1,0,American,Holy Cross"
"26,Southland Conference,11,148,168,.468,-9.24,-6.46,0,1,0,McNeese State,McNeese State"
"27,Independent,3,39,47,.453,-11.23,-1.85,0,0,0,,"
"28,America East Conference,9,110,153,.418,-12.26,-8.70,0,1,0,Boston University Vermont,Boston University"
"29,Northeast Conference,12,154,193,.444,-12.35,-9.26,0,1,0,Central Connecticut State,Central Connecticut State"
"30,Mid-Eastern Athletic Conference,11,137,189,.420,-12.55,-8.20,0,1,0,Hampton,Hampton"
"31,Big South Conference,8,96,140,.407,-12.65,-6.85,0,1,0,North Carolina-Asheville Winthrop,Winthrop"
"32,Southwest Athletic Conference,10,119,171,.410,-18.08,-12.15,0,1,0,Alcorn State,Alcorn State"
"Rk,Conference,Schls,W,L,W-L%,SRS,SOS,AP,NCAA,FF,Regular Season Champ,Tournament Champ"
"1,Atlantic Coast Conference,9,176,111,.613,16.47,10.65,5,6,2,Duke North Carolina,Duke"
"2,Southeastern Conference,12,237,146,.619,14.11,8.71,3,6,0,Florida (East) Kentucky (East) Mississippi (West),Kentucky"
"3,Big Ten Conference,11,214,138,.608,14.00,10.13,5,7,1,Illinois Michigan State,Iowa"
"4,Pacific-10 Conference,10,185,127,.593,12.89,9.72,3,5,1,Stanford,"
"5,Big 12 Conference,12,220,152,.591,9.65,6.46,4,6,0,Iowa State,Oklahoma"
"6,Big East Conference,14,257,171,.600,8.63,5.21,4,5,0,Boston College (East) Notre Dame (West),Boston College"
"7,Western Athletic Conference,9,168,112,.600,7.86,4.41,0,2,0,Fresno State,Hawaii"
"8,Conference USA,12,199,178,.528,7.47,6.33,0,2,0,Cincinnati (American) Southern Mississippi (National),Charlotte"
"9,Atlantic 10 Conference,11,179,164,.522,6.19,5.65,1,3,0,Saint Joseph's,Temple"
"10,Mountain West Conference,8,137,105,.566,5.74,3.85,0,1,0,Brigham Young Utah Wyoming,Brigham Young"
"11,Missouri Valley Conference,10,157,146,.518,2.42,1.82,0,2,0,Creighton,Indiana State"
"12,Midwestern Collegiate Conference,8,130,112,.537,2.23,2.01,0,1,0,Butler,Butler"
"13,Mid-American Conference,13,184,200,.479,-0.42,0.93,0,1,0,Kent State (East) Central Michigan (West),Kent State"
"14,West Coast Conference,8,118,122,.492,-0.60,1.18,0,1,0,Gonzaga,Gonzaga"
"15,Colonial Athletic Association,9,132,130,.504,-0.96,-1.14,0,1,0,Richmond,George Mason"
"16,Big West Conference,9,139,128,.521,-2.93,-0.86,0,1,0,UC-Irvine,Utah State"
"17,Big Sky Conference,9,124,133,.482,-3.13,-1.58,0,1,0,Cal State Northridge,Cal State Northridge"
"18,Sun Belt Conference,12,172,178,.491,-3.48,-1.83,0,1,0,Western Kentucky (East) South Alabama (West),Western Kentucky"
"19,Metro Atlantic Athletic Conference,10,146,149,.495,-4.71,-3.86,0,1,0,Iona Niagara Siena,Iona"
"20,Ohio Valley Conference,9,137,125,.523,-4.98,-3.26,0,1,0,Tennessee Tech,Eastern Illinois"
"21,Mid-Continent Conference,9,125,140,.472,-5.39,-2.65,0,1,0,Southern Utah Valparaiso,Southern Utah"
"22,Southern Conference,12,170,182,.483,-6.95,-4.87,0,1,0,East Tennessee State (North) College of Charleston (South),North Carolina-Greensboro"
"23,America East Conference,10,138,150,.479,-7.14,-5.77,0,1,0,Hofstra,Hofstra"
"24,Trans America Athletic Conference,10,142,155,.478,-7.99,-5.97,0,1,0,Georgia State,Georgia State"
"25,Patriot League,7,102,101,.502,-8.55,-7.05,0,1,0,Holy Cross,Holy Cross"
"26,Ivy Group,8,94,123,.433,-8.82,-6.00,0,1,0,Princeton,"
"27,Independent,5,56,84,.400,-11.51,-4.98,0,0,0,,"
"28,Northeast Conference,12,148,193,.434,-11.64,-8.86,0,1,0,St. Francis (NY),Monmouth"
"29,Southland Conference,11,148,167,.470,-11.73,-8.54,0,1,0,McNeese State,Northwestern State"
"30,Big South Conference,8,100,130,.435,-12.56,-7.97,0,1,0,Radford,Winthrop"
"31,Mid-Eastern Athletic Conference,11,139,182,.433,-14.63,-9.83,0,1,0,Hampton South Carolina State,Hampton"
"32,Southwest Athletic Conference,10,113,170,.399,-17.50,-11.41,0,1,0,Alabama State,Alabama State"
"Rk,Conference,Schls,W,L,W-L%,SRS,SOS,AP,NCAA,FF,Regular Season Champ,Tournament Champ"
"1,Southeastern Conference,12,239,150,.614,13.00,7.96,5,6,1,Florida (East) Kentucky (East) Tennessee (East) Louisiana State (West),Arkansas"
"2,Big Ten Conference,11,208,144,.591,12.86,9.64,5,6,2,Michigan State Ohio State,Michigan State"
"3,Atlantic Coast Conference,9,172,123,.583,12.49,8.58,2,3,1,Duke,Duke"
"4,Pacific-10 Conference,10,179,131,.577,11.78,8.80,2,4,0,Arizona Stanford,"
"5,Big 12 Conference,12,224,154,.593,10.14,7.10,4,6,0,Iowa State,Iowa State"
"6,Conference USA,12,212,161,.568,9.43,6.46,1,4,0,Cincinnati (American) South Florida (National) Tulane (National),Saint Louis"
"7,Big East Conference,13,246,171,.590,8.82,5.72,4,5,0,Miami (FL) Syracuse,St. John's (NY)"
"8,Western Athletic Conference,8,145,102,.587,5.66,2.84,1,2,0,Tulsa,Fresno State"
"9,Mountain West Conference,8,136,109,.555,5.05,3.51,0,2,0,Nevada-Las Vegas Utah,Nevada-Las Vegas"
"10,Atlantic 10 Conference,12,191,176,.520,4.93,4.32,1,3,0,Temple (East) Dayton (West),Temple"
"11,Missouri Valley Conference,10,167,142,.540,3.62,2.59,0,2,0,Indiana State,Creighton"
"12,West Coast Conference,8,129,112,.535,2.38,2.50,0,2,0,Pepperdine,Gonzaga"
"13,Mid-American Conference,13,207,178,.538,2.14,2.04,0,1,0,Bowling Green State (East) Ball State (West) Toledo (West),Ball State"
"14,Midwestern Collegiate Conference,8,124,115,.519,1.06,0.39,0,1,0,Butler,Butler"
"15,Big Sky Conference,9,134,122,.523,-0.23,0.73,0,1,0,Eastern Washington Montana,Northern Arizona"
"16,Big West Conference,12,171,177,.491,-1.20,0.51,0,1,0,Utah State (East) Long Beach State (West),Utah State"
"17,Colonial Athletic Association,9,132,131,.502,-2.53,-2.15,0,1,0,George Mason James Madison,North Carolina-Wilmington"
"18,Ohio Valley Conference,10,145,143,.503,-3.58,-2.33,0,1,0,Murray State Southeast Missouri State,Southeast Missouri State"
"19,Sun Belt Conference,9,124,141,.468,-3.75,-2.20,0,1,0,Louisiana South Alabama,Louisiana"
"20,Metro Atlantic Athletic Conference,10,139,154,.474,-6.51,-5.18,0,1,0,Siena,Iona"
"21,Mid-Continent Conference,9,114,150,.432,-6.61,-3.43,0,1,0,Oakland,Valparaiso"
"22,Southern Conference,12,174,178,.494,-7.21,-4.67,0,1,0,Appalachian State (North) College of Charleston (South),Appalachian State"
"23,Southland Conference,11,148,163,.476,-7.66,-5.11,0,1,0,Sam Houston State,Lamar"
"24,Patriot League,7,100,102,.495,-8.66,-7.35,0,1,0,Lafayette Navy,Lafayette"
"25,Trans America Athletic Conference,10,133,162,.451,-8.92,-6.51,0,1,0,Georgia State Troy,Samford"
"26,Ivy Group,8,99,122,.448,-9.63,-7.36,0,1,0,Pennsylvania,"
"27,America East Conference,10,139,155,.473,-9.69,-7.67,0,1,0,Hofstra,Hofstra"
"28,Northeast Conference,12,160,183,.466,-10.29,-8.01,0,1,0,Central Connecticut State,Central Connecticut State"
"29,Big South Conference,8,106,123,.463,-11.06,-6.70,0,1,0,Radford,Winthrop"
"30,Independent,5,46,95,.326,-12.37,-3.03,0,0,0,,"
"31,Mid-Eastern Athletic Conference,11,125,199,.386,-15.46,-10.06,0,1,0,South Carolina State,South Carolina State"
"32,Southwest Athletic Conference,10,120,168,.417,-16.87,-11.31,0,1,0,Alcorn State,Jackson State"
"Rk,Conference,Schls,W,L,W-L%,SRS,SOS,AP,NCAA,FF,Regular Season Champ,Tournament Champ"
"1,Atlantic Coast Conference,9,187,110,.630,14.83,9.01,3,3,1,Duke,Duke"
"2,Big Ten Conference,11,217,134,.618,14.48,10.47,5,7,2,Michigan State,Michigan State"
"3,Pacific-10 Conference,10,180,121,.598,11.67,8.60,3,4,0,Stanford,"
"4,Southeastern Conference,12,229,149,.606,11.29,6.59,5,6,0,Tennessee (East) Auburn (West),Kentucky"
"5,Big East Conference,13,236,171,.580,10.87,7.94,3,5,1,Connecticut,Connecticut"
"6,Conference USA,12,199,161,.553,7.84,5.72,2,4,0,Cincinnati (American) Alabama-Birmingham (National),Charlotte"
"7,Big 12 Conference,12,211,166,.560,7.35,5.12,1,5,0,Texas,Kansas"
"8,Missouri Valley Conference,10,162,133,.549,6.31,4.87,0,3,0,Evansville,Creighton"
"9,Western Athletic Conference,16,264,208,.559,4.74,2.90,2,3,0,Nevada-Las Vegas (Mountain) Tulsa (Mountain) Utah (Pacific),Utah"
"10,Atlantic 10 Conference,12,183,178,.507,4.70,4.31,0,3,0,Temple (East) George Washington (West),Rhode Island"
"11,Mid-American Conference,13,189,170,.526,1.79,2.04,0,2,0,Miami (OH) (East) Toledo (West),Kent State"
"12,West Coast Conference,8,124,114,.521,0.47,1.20,0,1,0,Gonzaga,Gonzaga"
"13,Midwestern Collegiate Conference,8,114,117,.494,-1.29,0.06,0,1,0,Detroit Mercy,Detroit Mercy"
"14,Sun Belt Conference,8,113,116,.493,-1.68,-0.73,0,1,0,Louisiana Tech,Arkansas State"
"15,Colonial Athletic Association,9,129,130,.498,-2.15,-2.32,0,1,0,George Mason,George Mason"
"16,Big Sky Conference,9,128,126,.504,-3.06,-1.55,0,1,0,Weber State,Weber State"
"17,Big West Conference,12,159,173,.479,-4.35,-1.98,0,1,0,Boise State (East) New Mexico State (East) UC-Santa Barbara (West),New Mexico State"
"18,Metro Atlantic Athletic Conference,10,145,139,.511,-4.77,-4.61,0,1,0,Niagara Siena,Siena"
"19,Mid-Continent Conference,8,105,125,.457,-6.16,-3.26,0,1,0,Oral Roberts Valparaiso,Valparaiso"
"20,Ohio Valley Conference,10,131,152,.463,-7.81,-4.45,0,1,0,Murray State,Murray State"
"21,America East Conference,10,137,147,.482,-8.30,-6.61,0,1,0,Delaware Drexel,Delaware"
"22,Ivy Group,8,99,114,.465,-8.33,-6.48,0,1,0,Pennsylvania,"
"23,Southern Conference,12,168,168,.500,-8.91,-5.71,1,1,0,Appalachian State (North) College of Charleston (South),College of Charleston"
"24,Independent,2,15,39,.278,-9.07,-1.72,0,0,0,,"
"25,Northeast Conference,11,142,164,.464,-9.68,-7.66,0,1,0,Maryland-Baltimore County,Mount St. Mary's"
"26,Patriot League,7,93,103,.474,-10.84,-7.29,0,1,0,Lafayette,Lafayette"
"27,Southland Conference,11,135,164,.452,-10.90,-7.20,0,1,0,Texas State,Texas-San Antonio"
"28,Trans America Athletic Conference,11,140,163,.462,-10.97,-7.57,0,1,0,Samford,Samford"
"29,Big South Conference,6,75,93,.446,-14.27,-7.68,0,1,0,Winthrop,Winthrop"
"30,Mid-Eastern Athletic Conference,11,125,182,.407,-14.38,-9.85,0,1,0,Coppin State South Carolina State,Florida A&M"
"31,Southwest Athletic Conference,9,108,140,.435,-15.85,-10.36,0,1,0,Alcorn State,Alcorn State"
"Rk,Conference,Schls,W,L,W-L%,SRS,SOS,AP,NCAA,FF,Regular Season Champ,Tournament Champ"
"1,Atlantic Coast Conference,9,186,109,.631,16.05,10.09,3,5,1,Duke,North Carolina"
"2,Big Ten Conference,11,207,144,.590,12.59,8.37,4,5,0,Illinois Michigan State,Michigan"
"3,Southeastern Conference,12,233,143,.620,11.48,6.96,4,5,1,Kentucky (East) Mississippi (West),Kentucky"
"4,Pacific-10 Conference,10,179,127,.585,10.12,8.07,3,4,1,Arizona,"
"5,Big East Conference,13,231,167,.580,9.43,7.07,2,5,0,Connecticut (Big East 6) Syracuse (Big East 7),Connecticut"
"6,Big 12 Conference,12,206,158,.566,7.17,5.11,1,4,0,Kansas,Kansas"
"7,Atlantic 10 Conference,12,198,165,.545,6.43,5.04,2,5,0,Temple (East) Dayton (West) George Washington (West) Xavier (West),Xavier"
"8,Conference USA,12,201,172,.539,5.96,5.02,1,3,0,Cincinnati (American) Memphis (National),Cincinnati"
"9,Western Athletic Conference,16,272,204,.571,5.27,3.71,3,4,1,Utah (Mountain) Texas Christian (Pacific),Nevada-Las Vegas"
"10,West Coast Conference,8,124,103,.546,2.07,1.37,0,1,0,Gonzaga,San Francisco"
"11,Missouri Valley Conference,10,148,146,.503,2.04,1.65,0,1,0,Illinois State,Illinois State"
"12,Midwestern Collegiate Conference,8,126,107,.541,0.75,1.09,0,3,0,Detroit Mercy Illinois-Chicago,Butler"
"13,Mid-American Conference,12,165,167,.497,0.14,1.01,0,2,0,Akron (East) Ball State (West),Eastern Michigan"
"14,Metro Atlantic Athletic Conference,10,144,139,.509,-1.66,-1.98,0,1,0,Iona,Iona"
"15,Big West Conference,12,171,174,.496,-1.78,-0.11,0,1,0,Utah State (East) Pacific (West),Utah State"
"16,Colonial Athletic Association,9,123,131,.484,-1.90,-1.31,0,1,0,North Carolina-Wilmington William & Mary,Richmond"
"17,Sun Belt Conference,10,137,145,.486,-3.43,-2.35,0,1,0,Arkansas State South Alabama,South Alabama"
"18,America East Conference,10,141,142,.498,-5.13,-4.25,0,1,0,Boston University Delaware,Delaware"
"19,Big Sky Conference,8,105,118,.471,-5.27,-3.28,0,1,0,Northern Arizona,Northern Arizona"
"20,Northeast Conference,9,118,135,.466,-7.51,-5.71,0,1,0,Long Island University,Fairleigh Dickinson"
"21,Ivy Group,8,102,112,.477,-8.10,-6.36,1,1,0,Princeton,"
"22,Ohio Valley Conference,10,137,145,.486,-8.20,-5.68,1,1,0,Murray State,Murray State"
"23,Mid-Continent Conference,9,117,137,.461,-9.52,-5.41,0,1,0,Valparaiso,Valparaiso"
"24,Southern Conference,11,143,165,.464,-10.24,-6.19,0,1,0,Appalachian State (North) Davidson (North) Chattanooga (South),Davidson"
"25,Southland Conference,10,123,150,.451,-10.71,-7.30,0,1,0,Nicholls State,Nicholls State"
"26,Patriot League,7,86,109,.441,-11.05,-7.59,0,1,0,Lafayette Navy,Navy"
"27,Trans America Athletic Conference,12,152,179,.459,-11.18,-8.20,0,1,0,College of Charleston (East) Georgia State (West),College of Charleston"
"28,Southwest Athletic Conference,8,101,124,.449,-12.88,-8.44,0,1,0,Texas Southern,Prairie View"
"29,Big South Conference,7,84,111,.431,-13.53,-8.31,0,1,0,North Carolina-Asheville,Radford"
"30,Mid-Eastern Athletic Conference,11,121,183,.398,-15.74,-10.18,0,1,0,Coppin State,South Carolina State"
"Rk,Conference,Schls,W,L,W-L%,SRS,SOS,AP,NCAA,FF,Regular Season Champ,Tournament Champ"
"1,Atlantic Coast Conference,9,184,102,.643,17.33,10.68,5,6,1,Duke,North Carolina"
"2,Pacific-10 Conference,10,175,124,.585,12.48,9.37,3,5,1,UCLA,"
"3,Big Ten Conference,11,201,136,.596,12.42,9.08,2,6,1,Minnesota,"
"4,Big East Conference,13,232,169,.579,10.44,7.72,2,4,0,Boston College (Big East 6) Villanova (Big East 6) Georgetown (Big East 7),Boston College"
"5,Big 12 Conference,12,222,147,.602,10.23,6.74,3,5,0,Kansas,Kansas"
"6,Southeastern Conference,12,219,157,.582,10.19,6.74,3,5,1,South Carolina (East) Mississippi (West),Kentucky"
"7,Atlantic 10 Conference,12,190,162,.540,7.90,5.98,2,5,0,Saint Joseph's (East) Xavier (West),Saint Joseph's"
"8,Conference USA,12,195,166,.540,5.47,4.09,2,4,0,Cincinnati (Blue) Tulane (Red) Charlotte (White) Memphis (White),Marquette"
"9,Western Athletic Conference,16,269,203,.570,4.64,3.54,2,3,0,Utah (Mountain) Fresno State (Pacific) Hawaii (Pacific),Utah"
"10,Missouri Valley Conference,10,154,141,.522,3.72,2.95,0,1,0,Illinois State,Illinois State"
"11,Mid-American Conference,10,149,135,.525,1.17,1.13,0,1,0,Bowling Green State Miami (OH),Miami (OH)"
"12,Colonial Athletic Association,9,131,125,.512,-0.98,-0.88,0,1,0,North Carolina-Wilmington Old Dominion,Old Dominion"
"13,West Coast Conference,8,109,115,.487,-1.21,-0.27,0,1,0,Saint Mary's (CA) Santa Clara,Saint Mary's (CA)"
"14,Big West Conference,12,174,164,.515,-1.32,-0.58,0,1,0,Nevada (East) New Mexico State (East) Utah State (East) Pacific (West),Pacific"
"15,Midwestern Collegiate Conference,9,116,140,.453,-2.81,-0.82,0,1,0,Butler,Butler"
"16,Metro Atlantic Athletic Conference,8,105,121,.465,-3.90,-3.22,0,1,0,Iona,Fairfield"
"17,Sun Belt Conference,10,140,142,.496,-4.55,-3.28,0,1,0,New Orleans South Alabama,South Alabama"
"18,America East Conference,10,139,148,.484,-5.13,-3.73,0,1,0,Boston University,Boston University"
"19,Independent,3,37,44,.457,-5.32,-1.39,0,0,0,,"
"20,Big Sky Conference,8,111,115,.491,-5.51,-3.44,0,1,0,Northern Arizona,Montana"
"21,Ivy Group,8,106,104,.505,-5.77,-5.03,0,1,0,Princeton,"
"22,Mid-Continent Conference,9,123,128,.490,-7.48,-5.33,0,1,0,Valparaiso,Valparaiso"
"23,Northeast Conference,10,130,149,.466,-8.08,-6.32,0,1,0,Long Island University,Long Island University"
"24,Southern Conference,10,142,142,.500,-9.04,-5.38,0,1,0,Davidson (North) Marshall (North) Chattanooga (South),Chattanooga"
"25,Ohio Valley Conference,10,131,153,.461,-9.94,-6.95,0,1,0,Austin Peay Murray State,Murray State"
"26,Big South Conference,8,111,118,.485,-10.02,-6.15,0,1,0,Liberty North Carolina-Asheville,Charleston Southern"
"27,Southland Conference,9,112,135,.453,-11.52,-7.69,0,1,0,Louisiana-Monroe McNeese State Texas State,Texas State"
"28,Patriot League,7,80,114,.412,-12.25,-7.58,0,1,0,Navy,Navy"
"29,Mid-Eastern Athletic Conference,10,113,165,.406,-13.25,-8.78,0,1,0,Coppin State,Coppin State"
"30,Trans America Athletic Conference,12,149,182,.450,-13.54,-9.83,1,1,0,College of Charleston (East) Samford (West),College of Charleston"
"31,Southwest Athletic Conference,8,94,131,.418,-16.65,-9.98,0,1,0,Mississippi Valley State,Jackson State"
"Rk,Conference,Schls,W,L,W-L%,SRS,SOS,AP,NCAA,FF,Regular Season Champ,Tournament Champ"
"1,Atlantic Coast Conference,9,164,111,.596,14.98,10.20,3,6,0,Georgia Tech,Wake Forest"
"2,Big East Conference,13,231,163,.586,13.33,9.75,4,5,1,Connecticut (Big East 6) Georgetown (Big East 7),Connecticut"
"3,Southeastern Conference,12,226,148,.604,11.34,7.44,2,4,2,Kentucky (East) Mississippi State (West),Mississippi State"
"4,Big Ten Conference,11,197,139,.586,11.13,7.82,3,5,0,Purdue,"
"5,Big Eight Conference,8,152,96,.613,10.46,6.55,2,4,0,Kansas,Iowa State"
"6,Conference USA,11,198,135,.595,9.75,6.00,4,4,0,Cincinnati (Blue) Tulane (Red) Memphis (White),Cincinnati"
"7,Pacific-10 Conference,10,161,130,.553,8.61,6.98,2,4,0,UCLA,"
"8,Western Athletic Conference,10,167,133,.557,6.24,4.86,2,2,0,Utah,New Mexico"
"9,Atlantic 10 Conference,12,195,168,.537,5.04,4.15,2,4,1,Massachusetts (East) George Washington (West) Virginia Tech (West),Massachusetts"
"10,Southwest Conference,8,125,105,.543,3.25,2.70,1,2,0,Texas Tech,Texas Tech"
"11,Missouri Valley Conference,11,164,152,.519,2.56,1.82,0,2,0,Bradley,Tulsa"
"12,Mid-American Conference,10,148,135,.523,2.37,2.19,0,1,0,Eastern Michigan,Eastern Michigan"
"13,West Coast Conference,8,129,99,.566,0.80,0.22,0,2,0,Gonzaga Santa Clara,Portland"
"14,Sun Belt Conference,10,141,139,.504,-0.57,-0.24,0,1,0,Little Rock New Orleans,New Orleans"
"15,Big West Conference,10,132,146,.475,-0.94,-0.02,0,1,0,Long Beach State,San Jose State"
"16,Colonial Athletic Association,9,123,136,.475,-1.88,-0.97,0,1,0,Virginia Commonwealth,Virginia Commonwealth"
"17,Midwestern Collegiate Conference,9,128,122,.512,-2.18,-1.56,0,2,0,Green Bay,Northern Illinois"
"18,Metro Atlantic Athletic Conference,8,122,105,.537,-2.20,-2.68,0,1,0,Fairfield Iona,Canisius"
"19,Big Sky Conference,8,108,114,.486,-3.87,-2.29,0,1,0,Montana State,Montana State"
"20,North Atlantic Conference,10,128,152,.457,-6.03,-4.18,0,1,0,Drexel,Drexel"
"21,Ohio Valley Conference,9,122,128,.488,-6.87,-4.16,0,1,0,Murray State,Austin Peay"
"22,Southern Conference,10,130,147,.469,-7.45,-4.26,0,1,0,Davidson (North) Western Carolina (South),Western Carolina"
"23,Ivy Group,8,105,107,.495,-7.92,-6.32,0,1,0,Princeton,"
"24,Southland Conference,10,120,152,.441,-8.23,-5.63,0,1,0,Louisiana-Monroe,Louisiana-Monroe"
"25,Trans America Athletic Conference,12,162,170,.488,-8.65,-6.71,0,1,0,College of Charleston (East) Samford (West) Southeastern Louisiana (West),Central Florida"
"26,Northeast Conference,10,135,147,.479,-9.05,-7.01,0,1,0,Mount St. Mary's,Monmouth"
"27,American West Conference,4,45,66,.405,-10.30,-3.99,0,0,0,Cal Poly,Southern Utah"
"28,Big South Conference,8,101,120,.457,-10.73,-6.95,0,1,0,North Carolina-Greensboro,North Carolina-Greensboro"
"29,Independent,2,22,31,.415,-11.25,-3.63,0,0,0,,"
"30,Patriot League,7,81,114,.415,-11.81,-7.63,0,1,0,Colgate Navy,Colgate"
"31,Mid-Continent Conference,10,128,151,.459,-13.71,-9.96,0,1,0,Valparaiso,Valparaiso"
"32,Southwest Athletic Conference,8,101,118,.461,-15.48,-9.72,0,1,0,Jackson State Mississippi Valley State,Mississippi Valley State"
"33,Mid-Eastern Athletic Conference,10,116,159,.422,-16.86,-10.85,0,1,0,Coppin State South Carolina State,South Carolina State"
"Rk,Conference,Schls,W,L,W-L%,SRS,SOS,AP,NCAA,FF,Regular Season Champ,Tournament Champ"
"1,Atlantic Coast Conference,9,175,102,.632,17.01,10.53,4,4,1,Maryland North Carolina Virginia Wake Forest,Wake Forest"
"2,Big Eight Conference,8,163,87,.652,13.94,8.67,5,5,1,Kansas,Oklahoma State"
"3,Pacific-10 Conference,10,173,120,.590,12.82,9.45,3,5,1,UCLA,"
"4,Southeastern Conference,12,210,148,.587,11.98,8.17,4,5,1,Kentucky (East) Arkansas (West) Mississippi State (West),Kentucky"
"5,Great Midwest Conference,7,128,89,.590,10.40,5.40,0,3,0,Memphis,Cincinnati"
"6,Big East Conference,10,175,124,.585,9.50,6.53,4,4,0,Connecticut,Villanova"
"7,Big Ten Conference,11,187,145,.563,9.39,6.99,2,6,0,Purdue,"
"8,Metropolitan Collegiate Athletic Conference,7,137,82,.626,9.16,4.77,0,3,0,Charlotte,Louisville"
"9,Atlantic 10 Conference,9,144,121,.543,8.24,6.64,1,2,0,Massachusetts,Massachusetts"
"10,Western Athletic Conference,10,163,135,.547,5.95,5.25,1,2,0,Utah,Utah"
"11,Missouri Valley Conference,11,168,147,.533,2.91,2.36,0,2,0,Tulsa,Southern Illinois"
"12,Big Sky Conference,8,124,99,.556,2.73,1.98,0,1,0,Montana Weber State,Weber State"
"13,Big West Conference,10,147,141,.510,2.22,2.70,0,1,0,Utah State,Long Beach State"
"14,West Coast Conference,8,123,103,.544,1.70,0.68,0,2,0,Santa Clara,Gonzaga"
"15,Southwest Conference,8,113,115,.496,1.09,1.70,0,1,0,Texas Texas Tech,Texas"
"16,Mid-American Conference,10,151,133,.532,1.03,1.47,0,2,0,Miami (OH),Ball State"
"17,Midwestern Collegiate Conference,11,154,153,.502,-2.45,-1.92,0,2,0,Xavier,Green Bay"
"18,North Atlantic Conference,9,132,122,.520,-3.77,-3.67,0,1,0,Drexel,Drexel"
"19,Metro Atlantic Athletic Conference,8,111,124,.472,-3.92,-2.78,0,2,0,Manhattan,Saint Peter's"
"20,Independent,2,25,29,.463,-4.40,-0.46,0,0,0,,"
"21,Sun Belt Conference,10,145,139,.511,-4.44,-3.32,1,1,0,Western Kentucky,Western Kentucky"
"22,Colonial Athletic Association,8,103,125,.452,-4.49,-2.35,0,1,0,Old Dominion,Old Dominion"
"23,Southern Conference,10,127,151,.457,-8.48,-4.29,0,1,0,Marshall (North) Chattanooga (South),Chattanooga"
"24,Big South Conference,9,119,129,.480,-8.54,-5.60,0,0,0,North Carolina-Greensboro,Charleston Southern"
"25,Southland Conference,10,134,144,.482,-8.98,-6.35,0,1,0,Nicholls State,Nicholls State"
"26,Trans America Athletic Conference,11,141,164,.462,-9.26,-5.89,0,1,0,College of Charleston,Florida International"
"27,Ohio Valley Conference,9,120,129,.482,-9.47,-6.36,0,1,0,Murray State Tennessee State,Murray State"
"28,Ivy Group,8,92,118,.438,-10.80,-7.86,0,1,0,Pennsylvania,"
"29,Mid-Continent Conference,10,128,144,.471,-11.03,-8.49,0,0,0,Valparaiso,Valparaiso"
"30,Northeast Conference,10,127,152,.455,-11.03,-8.36,0,1,0,Rider,Mount St. Mary's"
"31,Patriot League,8,101,122,.453,-11.77,-8.63,0,1,0,Bucknell Colgate,Colgate"
"32,American West Conference,4,32,78,.291,-14.34,-3.16,0,0,0,Southern Utah,Southern Utah"
"33,Southwest Athletic Conference,8,99,122,.448,-14.50,-9.29,0,1,0,Texas Southern,Texas Southern"
"34,Mid-Eastern Athletic Conference,9,102,151,.403,-16.69,-10.25,0,1,0,Coppin State,North Carolina A&T"
"Rk,Conference,Schls,W,L,W-L%,SRS,SOS,AP,NCAA,FF,Regular Season Champ,Tournament Champ"
"1,Big Ten Conference,11,203,129,.611,14.95,10.24,4,7,0,Purdue,"
"2,Big East Conference,10,183,121,.602,14.11,9.39,2,6,0,Connecticut,Providence"
"3,Big Eight Conference,8,158,89,.640,12.47,7.38,4,4,0,Missouri,Nebraska"
"4,Atlantic Coast Conference,9,171,112,.604,12.31,8.35,2,5,1,Duke,North Carolina"
"5,Southeastern Conference,12,209,154,.576,10.83,7.87,3,4,2,Florida (East) Kentucky (East) Arkansas (West),Kentucky"
"6,Great Midwest Conference,7,126,82,.606,10.22,5.29,3,4,0,Marquette,Cincinnati"
"7,Pacific-10 Conference,10,161,128,.557,9.43,7.51,3,4,1,Arizona,"
"8,Metropolitan Collegiate Athletic Conference,7,119,85,.583,9.06,5.12,1,1,0,Louisville,Louisville"
"9,Atlantic 10 Conference,9,149,115,.564,7.57,5.82,2,3,0,Massachusetts,Massachusetts"
"10,West Coast Conference,8,121,107,.531,3.04,2.04,0,1,0,Gonzaga,Pepperdine"
"11,Western Athletic Conference,10,165,131,.557,2.69,2.59,0,2,0,New Mexico,Hawaii"
"12,Southwest Conference,8,114,115,.498,1.50,1.54,1,1,0,Texas,Texas"
"13,Midwestern Collegiate Conference,6,94,80,.540,1.30,0.73,0,0,0,Xavier,Detroit Mercy"
"14,Mid-American Conference,10,148,132,.529,-0.31,-0.64,0,1,0,Ohio,Ohio"
"15,Missouri Valley Conference,10,144,140,.507,-0.33,0.40,0,2,0,Southern Illinois Tulsa,Southern Illinois"
"16,Big Sky Conference,8,126,96,.568,-0.80,-0.85,0,1,0,Idaho State Weber State,Boise State"
"17,Big West Conference,10,143,143,.500,-0.83,0.22,0,1,0,New Mexico State,New Mexico State"
"18,Sun Belt Conference,10,148,135,.523,-1.18,-1.13,0,2,0,Western Kentucky,Louisiana"
"19,Colonial Athletic Association,8,110,115,.489,-2.99,-2.72,0,1,0,James Madison Old Dominion,James Madison"
"20,Metro Atlantic Athletic Conference,8,119,111,.517,-3.32,-3.21,0,1,0,Canisius,Loyola (MD)"
"21,Mid-Continent Conference,10,137,147,.482,-4.98,-3.52,0,1,0,Green Bay,Green Bay"
"22,Southern Conference,10,138,145,.488,-5.11,-2.51,0,1,0,Chattanooga,Chattanooga"
"23,North Atlantic Conference,8,118,105,.529,-5.89,-5.87,0,1,0,Drexel,Drexel"
"24,Ohio Valley Conference,9,113,141,.445,-7.36,-3.98,0,1,0,Murray State,Tennessee State"
"25,Independent,6,55,110,.333,-8.12,-0.39,0,0,0,,"
"26,Southland Conference,10,134,146,.479,-8.37,-6.12,0,1,0,Louisiana-Monroe,Texas State"
"27,Northeast Conference,10,128,151,.459,-8.91,-6.60,0,1,0,Rider,Rider"
"28,Trans America Athletic Conference,10,127,153,.454,-8.96,-5.50,0,2,0,College of Charleston,Central Florida"
"29,Ivy Group,8,98,112,.467,-9.59,-6.62,0,1,0,Pennsylvania,"
"30,Big South Conference,10,131,147,.471,-10.24,-7.01,0,1,0,Towson,Liberty"
"31,Patriot League,8,96,127,.430,-11.48,-8.09,0,1,0,Colgate Fordham Holy Cross Navy,Navy"
"32,Mid-Eastern Athletic Conference,9,109,145,.429,-13.37,-8.82,0,1,0,Coppin State,North Carolina A&T"
"33,Southwest Athletic Conference,8,100,123,.448,-15.03,-9.56,0,1,0,Texas Southern,Texas Southern"
"34,East Coast Conference,6,57,108,.345,-17.78,-7.85,0,0,0,Troy,Hofstra"
"Rk,Conference,Schls,W,L,W-L%,SRS,SOS,AP,NCAA,FF,Regular Season Champ,Tournament Champ"
"1,Atlantic Coast Conference,9,181,100,.644,15.41,10.03,5,6,1,North Carolina,Georgia Tech"
"2,Big Eight Conference,8,157,92,.631,14.21,8.54,2,6,1,Kansas,Missouri"
"3,Big Ten Conference,11,203,130,.610,13.28,9.39,4,5,1,Indiana,"
"4,Great Midwest Conference,6,116,71,.620,12.37,6.13,1,3,0,Cincinnati,Cincinnati"
"5,Big East Conference,10,175,126,.581,12.01,8.52,1,3,0,Seton Hall,Seton Hall"
"6,Southeastern Conference,12,209,150,.582,10.50,7.92,3,4,1,Vanderbilt (East) Arkansas (West),Kentucky"
"7,Atlantic 10 Conference,8,142,95,.599,9.11,5.78,1,4,0,Massachusetts,Massachusetts"
"8,Pacific-10 Conference,10,161,129,.555,8.93,7.50,1,3,0,Arizona,"
"9,Metropolitan Collegiate Athletic Conference,7,107,95,.530,5.09,3.78,1,2,0,Louisville,Louisville"
"10,Big West Conference,10,150,134,.528,3.21,2.87,2,2,0,New Mexico State,Long Beach State"
"11,Southwest Conference,8,120,106,.531,2.92,2.71,0,2,0,Southern Methodist,Texas Tech"
"12,Western Athletic Conference,10,166,134,.553,2.72,2.81,2,3,0,Brigham Young Utah,New Mexico"
"13,Missouri Valley Conference,10,143,142,.502,1.47,2.18,0,1,0,Illinois State,Southern Illinois"
"14,Midwestern Collegiate Conference,8,111,116,.489,1.12,2.15,0,2,0,Evansville Xavier,Evansville"
"15,Sun Belt Conference,10,144,135,.516,0.97,0.71,2,2,0,New Orleans,Western Kentucky"
"16,Colonial Athletic Association,8,119,108,.524,0.29,-0.01,0,1,0,James Madison Old Dominion,East Carolina"
"17,West Coast Conference,8,120,109,.524,-3.39,-2.19,0,1,0,Pepperdine,Santa Clara"
"18,Metro Atlantic Athletic Conference,8,113,112,.502,-3.70,-3.19,0,1,0,Manhattan,Manhattan"
"19,Mid-American Conference,10,141,144,.495,-4.28,-2.87,0,1,0,Ball State Miami (OH),Ball State"
"20,Big Sky Conference,8,117,107,.522,-5.14,-4.43,0,1,0,Idaho,Boise State"
"21,Southern Conference,10,139,143,.493,-6.00,-4.28,0,1,0,Chattanooga,Chattanooga"
"22,Ivy Group,8,103,106,.493,-6.11,-4.89,0,1,0,Pennsylvania,"
"23,Southland Conference,10,133,139,.489,-6.49,-4.38,0,1,0,Louisiana-Monroe,Louisiana-Monroe"
"24,Mid-Continent Conference,9,119,133,.472,-6.57,-5.11,0,1,0,Cleveland State,Wright State"
"25,North Atlantic Conference,8,110,113,.493,-8.06,-6.48,0,1,0,Drexel Northeastern,Delaware"
"26,Southwest Athletic Conference,8,106,122,.465,-9.09,-5.49,0,1,0,Jackson State,Southern"
"27,Ohio Valley Conference,9,113,134,.457,-9.12,-4.80,0,1,0,Tennessee State,Tennessee State"
"28,Trans America Athletic Conference,9,126,120,.512,-9.48,-7.39,0,0,0,Florida International,"
"29,Patriot League,8,102,123,.453,-9.49,-6.75,0,1,0,Bucknell,Holy Cross"
"30,Independent,11,111,186,.374,-10.14,-2.70,0,0,0,,"
"31,Northeast Conference,10,124,159,.438,-10.86,-8.24,0,1,0,Rider,Rider"
"32,Big South Conference,10,132,154,.462,-13.06,-9.32,0,1,0,Towson,Coastal Carolina"
"33,Mid-Eastern Athletic Conference,9,110,141,.438,-16.39,-10.91,0,1,0,Coppin State,Coppin State"
"Rk,Conference,Schls,W,L,W-L%,SRS,SOS,AP,NCAA,FF,Regular Season Champ,Tournament Champ"
"1,Big Ten Conference,10,188,124,.603,15.85,10.91,4,5,2,Ohio State,"
"2,Big Eight Conference,8,166,83,.667,15.80,9.57,4,6,0,Kansas,Kansas"
"3,Atlantic Coast Conference,9,179,106,.628,13.70,9.04,3,5,1,Duke,Duke"
"4,Southeastern Conference,12,219,154,.587,10.98,7.54,4,4,0,Kentucky (East) Arkansas (West),Kentucky"
"5,Great Midwest Conference,6,113,70,.617,10.58,5.27,2,3,1,Cincinnati DePaul,Cincinnati"
"6,Big East Conference,10,177,136,.565,10.43,7.38,3,5,0,Georgetown Seton Hall St. John's (NY),Syracuse"
"7,Pacific-10 Conference,10,178,126,.586,10.42,8.21,3,4,0,UCLA,"
"8,Metropolitan Collegiate Athletic Conference,7,120,88,.577,7.06,4.57,0,4,0,Tulane,Charlotte"
"9,Atlantic 10 Conference,9,156,116,.574,6.09,4.58,1,3,0,Massachusetts,Massachusetts"
"10,Midwestern Collegiate Conference,6,100,76,.568,5.10,2.18,0,1,0,Evansville,Evansville"
"11,Southwest Conference,8,135,109,.553,4.78,3.20,0,2,0,Houston Texas,Houston"
"12,Western Athletic Conference,9,153,126,.548,4.70,3.79,0,2,0,Brigham Young Texas-El Paso,Brigham Young"
"13,Big West Conference,10,155,137,.531,4.20,3.96,1,1,0,Nevada-Las Vegas,New Mexico State"
"14,Mid-American Conference,9,137,128,.517,0.80,0.70,0,1,0,Miami (OH),Miami (OH)"
"15,Sun Belt Conference,11,166,164,.503,-0.06,-0.39,0,1,0,Louisiana Louisiana Tech,Louisiana"
"16,West Coast Conference,8,123,110,.528,-0.11,-0.43,0,1,0,Pepperdine,Pepperdine"
"17,Missouri Valley Conference,10,133,156,.460,-1.30,0.40,0,1,0,Illinois State Southern Illinois,Missouri State"
"18,Metro Atlantic Athletic Conference,9,130,136,.489,-2.81,-2.07,0,1,0,Manhattan,La Salle"
"19,Colonial Athletic Association,8,109,125,.466,-3.45,-1.18,0,1,0,James Madison Richmond,Old Dominion"
"20,Mid-Continent Conference,9,131,128,.506,-3.58,-2.78,0,1,0,Green Bay,Eastern Illinois"
"21,Big Sky Conference,9,132,130,.504,-4.09,-2.98,0,1,0,Montana,Montana"
"22,Ohio Valley Conference,8,107,125,.461,-5.27,-1.86,0,1,0,Murray State,Murray State"
"23,Southern Conference,8,117,114,.506,-5.41,-3.46,0,1,0,Chattanooga East Tennessee State,East Tennessee State"
"24,Independent,12,162,179,.475,-6.46,-3.07,0,0,0,,"
"25,Patriot League,8,103,128,.446,-7.23,-5.63,0,1,0,Bucknell Fordham,Fordham"
"26,Ivy Group,8,99,111,.471,-7.41,-5.28,0,1,0,Princeton,"
"27,Southland Conference,10,132,151,.466,-8.43,-5.61,0,1,0,Texas-San Antonio,Louisiana-Monroe"
"28,North Atlantic Conference,8,108,125,.464,-9.50,-6.99,0,1,0,Delaware,Delaware"
"29,Trans America Athletic Conference,8,101,130,.437,-9.77,-5.94,0,1,0,Georgia Southern,Georgia Southern"
"30,Northeast Conference,9,124,137,.475,-10.72,-8.82,0,1,0,Robert Morris,Robert Morris"
"31,Big South Conference,8,115,119,.491,-13.09,-9.80,0,1,0,Radford,Campbell"
"32,East Coast Conference,7,77,124,.383,-14.75,-9.40,0,0,0,Hofstra,Towson"
"33,Southwest Athletic Conference,8,94,136,.409,-15.16,-8.68,0,1,0,Mississippi Valley State Texas Southern,Mississippi Valley State"
"34,Mid-Eastern Athletic Conference,9,105,154,.405,-19.89,-13.25,0,1,0,Howard North Carolina A&T,Howard"
"Rk,Conference,Schls,W,L,W-L%,SRS,SOS,AP,NCAA,FF,Regular Season Champ,Tournament Champ"
"1,Big Eight Conference,8,161,97,.624,16.35,10.51,3,3,1,Kansas Oklahoma State,Missouri"
"2,Atlantic Coast Conference,8,165,89,.650,15.83,9.55,2,6,2,Duke,North Carolina"
"3,Big East Conference,9,181,107,.628,14.61,9.88,3,7,0,Syracuse,Seton Hall"
"4,Pacific-10 Conference,10,180,119,.602,12.39,8.54,2,4,0,Arizona,"
"5,Southeastern Conference,10,164,135,.548,11.26,8.52,4,5,0,Louisiana State Mississippi State,Alabama"
"6,Big Ten Conference,10,180,122,.596,10.99,7.87,2,5,0,Indiana Ohio State,"
"7,Southwest Conference,9,149,124,.546,7.79,5.47,2,2,0,Arkansas,Arkansas"
"8,Metropolitan Collegiate Athletic Conference,8,139,104,.572,7.08,4.68,1,2,0,Southern Mississippi,Florida State"
"9,Western Athletic Conference,9,160,115,.582,4.62,3.30,1,3,0,Utah,Brigham Young"
"10,Atlantic 10 Conference,10,162,142,.533,4.51,4.01,0,3,0,Rutgers,Penn State"
"11,Big West Conference,10,153,140,.522,3.28,2.73,2,2,1,Nevada-Las Vegas,Nevada-Las Vegas"
"12,American South Conference,7,120,88,.577,1.73,-1.09,0,2,0,Arkansas State New Orleans,Louisiana Tech"
"13,Missouri Valley Conference,9,131,141,.482,1.05,1.77,0,1,0,Creighton,Creighton"
"14,Mid-American Conference,9,142,124,.534,0.91,0.42,0,1,0,Eastern Michigan,Eastern Michigan"
"15,Sun Belt Conference,8,121,118,.506,0.59,0.99,0,1,0,South Alabama,South Alabama"
"16,Metro Atlantic Athletic Conference,9,136,130,.511,-0.87,-0.72,0,1,0,Siena,Saint Peter's"
"17,Midwestern Collegiate Conference,8,117,120,.494,-0.88,-0.85,0,1,0,Xavier,Xavier"
"18,West Coast Conference,8,115,120,.489,-2.21,-0.99,0,1,0,Pepperdine,Pepperdine"
"19,Mid-Continent Conference,9,139,125,.527,-3.34,-2.45,0,2,0,Northern Illinois,Green Bay"
"20,Colonial Athletic Association,8,114,119,.489,-3.58,-2.51,0,1,0,James Madison,Richmond"
"21,Ohio Valley Conference,7,112,94,.544,-4.23,-3.59,0,1,0,Murray State,Murray State"
"22,Southern Conference,8,124,109,.532,-4.49,-3.14,1,1,0,Chattanooga East Tennessee State Furman,East Tennessee State"
"23,Patriot League,7,98,109,.473,-6.44,-4.65,0,0,0,Fordham,Fordham"
"24,Big Sky Conference,9,127,133,.488,-6.99,-5.12,0,1,0,Montana,Montana"
"25,Northeast Conference,9,125,137,.477,-7.73,-6.38,0,1,0,Fairleigh Dickinson Saint Francis (PA),Saint Francis (PA)"
"26,Ivy Group,8,97,112,.464,-7.85,-5.12,1,1,0,Princeton,"
"27,North Atlantic Conference,6,77,99,.438,-8.20,-4.71,0,1,0,Northeastern,Northeastern"
"28,East Coast Conference,7,86,116,.426,-9.73,-6.16,0,1,0,Towson,Towson"
"29,Trans America Athletic Conference,8,101,131,.435,-10.35,-7.23,0,1,0,Texas-San Antonio,Georgia State"
"30,Southland Conference,8,104,125,.454,-10.82,-8.25,0,1,0,Louisiana-Monroe,Louisiana-Monroe"
"31,Independent,17,171,309,.356,-11.49,-4.69,1,1,0,,"
"32,Mid-Eastern Athletic Conference,9,110,150,.423,-12.32,-8.78,0,0,0,Coppin State,Florida A&M"
"33,Southwest Athletic Conference,8,94,133,.414,-13.64,-7.54,0,0,0,Jackson State,Jackson State"
"34,Big South Conference,8,104,128,.448,-14.54,-9.81,0,1,0,Coastal Carolina,Coastal Carolina"
