,Player,Player Index
0,Mark West,Mark West _1960
1,Fred Roberts,Fred Roberts _1960
2,Jim Thomas,Jim Thomas _1960
3,Scooter McCray,Scooter McCray _1960
4,Eddie Hughes,Eddie Hughes _1960
5,Bill Garnett,Bill Garnett _1960
6,Oliver Robinson,Oliver Robinson _1960
7,Ozell Jones,Ozell Jones _1960
8,Cliff Robinson,Cliff Robinson _1960
9,Darren Daye,Darren Daye _1960
10,David Thirdkill,David Thirdkill _1960
11,Dominique Wilkins,Dominique Wilkins _1960
12,Keith Edmonson,Keith Edmonson _1960
13,Jeff Taylor,Jeff Taylor _1960
14,Carl Henry,Carl Henry _1960
15,Darren Tillis,Darren Tillis _1960
16,Jim Grandholm,Jim Grandholm _1960
17,Fat Lever,Fat Lever _1960
18,Georgi Glouchkov,Georgi Glouchkov _1960
19,Leo Rautins,Leo Rautins _1960
20,Sidney Lowe,Sidney Lowe _1960
21,John Schweitz,John Schweitz _1960
22,Dale Wilkinson,Dale Wilkinson _1960
23,Devin Durrant,Devin Durrant _1960
24,Tony Brown,Tony Brown _1960
25,John Bagley,John Bagley _1960
26,Guy Morgan,Guy Morgan _1960
27,John Paxson,John Paxson _1960
28,Walker Russell,Walker Russell _1960
29,Russ Schoene,Russ Schoene _1960
30,Melvin Turpin,Melvin Turpin _1960
31,J.J. Anderson,J.J. Anderson _1960
32,Sleepy Floyd,Sleepy Floyd _1960
33,Brant Weidner,Brant Weidner _1960
34,Guy Williams,Guy Williams _1960
35,Jose Slaughter,Jose Slaughter _1960
36,Jim Johnstone,Jim Johnstone _1960
37,Steve Stipanovich,Steve Stipanovich _1960
38,Dwight Anderson,Dwight Anderson _1960
39,Corny Thompson,Corny Thompson _1960
40,Jim Lampley,Jim Lampley _1960
41,Larry Micheaux,Larry Micheaux _1960
42,Rod Higgins,Rod Higgins _1960
43,Ken Bannister,Ken Bannister _1960
44,Randy Breuer,Randy Breuer _1960
45,Dale Ellis,Dale Ellis _1960
46,Vince Taylor,Vince Taylor _1960
47,Joe Kopicki,Joe Kopicki _1960
48,Buck Williams,Buck Williams _1960
49,Craig Hodges,Craig Hodges _1960
50,Darrell Lockhart,Darrell Lockhart _1960
51,Terry Teagle,Terry Teagle _1960
52,Wayne Sappleton,Wayne Sappleton _1960
53,Audie Norris,Audie Norris _1960
54,Ralph Sampson,Ralph Sampson _1960
55,Tom Piotrowski,Tom Piotrowski _1960
56,Rod Foster,Rod Foster _1960
57,Carlos Clark,Carlos Clark _1960
58,Richard Anderson,Richard Anderson _1960
59,Scott Hastings,Scott Hastings _1960
60,Mike Sanders,Mike Sanders _1960
61,Pace Mannion,Pace Mannion _1960
62,Ed Nealy,Ed Nealy _1960
63,Mike Gibson,Mike Gibson _1960
64,Ken Austin,Ken Austin _1961
65,Michael Phelps,Michael Phelps _1961
66,Chris McNealy,Chris McNealy _1961
67,Peter Thibeaux,Peter Thibeaux _1961
68,Mike Holton,Mike Holton _1961
69,McKinley Singleton,McKinley Singleton _1961
70,Derek Harper,Derek Harper _1961
71,Greg Kite,Greg Kite _1961
72,Sedale Threatt,Sedale Threatt _1961
73,Eddie Phillips,Eddie Phillips _1961
74,Jeff Cross,Jeff Cross _1961
75,LaSalle Thompson,LaSalle Thompson _1961
76,Craig Ehlo,Craig Ehlo _1961
77,Derek Smith,Derek Smith _1961
78,Stewart Granger,Stewart Granger _1961
79,Dane Suttle,Dane Suttle _1961
80,Rodney McCray,Rodney McCray _1961
81,Russell Cross,Russell Cross _1961
82,Norris Coleman,Norris Coleman _1961
83,Othell Wilson,Othell Wilson _1961
84,Howard Carter,Howard Carter _1961
85,Ben Coleman,Ben Coleman _1961
86,Clark Kellogg,Clark Kellogg _1961
87,Jeff Malone,Jeff Malone _1961
88,Antoine Carr,Antoine Carr _1961
89,Kevin Williams,Kevin Williams _1961
90,Doc Rivers,Doc Rivers _1961
91,Jon Sundvold,Jon Sundvold _1961
92,Isiah Thomas,Isiah Thomas _1961
93,John Pinone,John Pinone _1961
94,Darrell Walker,Darrell Walker _1961
95,Michael Young,Michael Young _1961
96,Roy Hinson,Roy Hinson _1961
97,Quintin Dailey,Quintin Dailey _1961
98,James Worthy,James Worthy _1961
99,Terry Cummings,Terry Cummings _1961
100,Joe Binion,Joe Binion _1961
101,Sam Bowie,Sam Bowie _1961
102,John Greig,John Greig _1961
103,Sam Perkins,Sam Perkins _1961
104,Jim Rowinski,Jim Rowinski _1961
105,Mark Jones,Mark Jones _1961
106,Byron Scott,Byron Scott _1961
107,Dirk Minniefield,Dirk Minniefield _1961
108,Paul Thompson,Paul Thompson _1961
109,Terence Stansbury,Terence Stansbury _1961
110,Thurl Bailey,Thurl Bailey _1961
111,Dennis Rodman,Dennis Rodman _1961
112,Leroy Combs,Leroy Combs _1961
113,Granville Waiters,Granville Waiters _1961
114,Earl Jones,Earl Jones _1961
115,Rob Williams,Rob Williams _1961
116,Cliff Levingston,Cliff Levingston _1961
117,Bruce Kuczenski,Bruce Kuczenski _1961
118,Bob Hansen,Bob Hansen _1961
119,Sidney Green,Sidney Green _1961
120,Kevin Willis,Kevin Willis _1962
121,Otis Thorpe,Otis Thorpe _1962
122,Voise Winters,Voise Winters _1962
123,John Stockton,John Stockton _1962
124,Eddie Lee Wilkins,Eddie Lee Wilkins _1962
125,Sedric Toney,Sedric Toney _1962
126,Tony Campbell,Tony Campbell _1962
127,Patrick Ewing,Patrick Ewing _1962
128,Ron Moore,Ron Moore _1962
129,Tim McCormick,Tim McCormick _1962
130,Fernando Martin,Fernando Martin _1962
131,David Pope,David Pope _1962
132,Charles Jones,Charles Jones _1962
133,Leon Wood,Leon Wood _1962
134,Willie White,Willie White _1962
135,Cozell McQueen,Cozell McQueen _1962
136,Ron Rowan,Ron Rowan _1962
137,Bernard Thompson,Bernard Thompson _1962
138,Brian Martin,Brian Martin _1962
139,Bill Martin,Bill Martin _1962
140,Dave Feitl,Dave Feitl _1962
141,Ennis Whatley,Ennis Whatley _1962
142,Lancaster Gordon,Lancaster Gordon _1962
143,Hot Rod Williams,Hot Rod Williams _1962
144,Tom Sewell,Tom Sewell _1962
145,Uwe Blab,Uwe Blab _1962
146,Manute Bol,Manute Bol _1962
147,Charlie Sitton,Charlie Sitton _1962
148,Jerry Reynolds,Jerry Reynolds _1962
149,Ken Johnson,Ken Johnson _1962
150,Delaney Rudd,Delaney Rudd _1962
151,John Battle,John Battle _1962
152,Joe Kleine,Joe Kleine _1962
153,Fred Cofield,Fred Cofield _1962
154,Kenny Fields,Kenny Fields _1962
155,Kenton Edelin,Kenton Edelin _1962
156,Jay Humphries,Jay Humphries _1962
157,Blair Rasmussen,Blair Rasmussen _1962
158,Brad Sellers,Brad Sellers _1962
159,Michael Cage,Michael Cage _1962
160,Vern Fleming,Vern Fleming _1962
161,Alex Stivrins,Alex Stivrins _1962
162,Tyrone Corbin,Tyrone Corbin _1962
163,Bob Thornton,Bob Thornton _1962
164,Keith Lee,Keith Lee _1962
165,Mark Acres,Mark Acres _1962
166,Steve Burtt,Steve Burtt _1962
167,Greg Dreiling,Greg Dreiling _1962
168,Alfredrick Hughes,Alfredrick Hughes _1962
169,Brad Wright,Brad Wright _1962
170,Jerome Kersey,Jerome Kersey _1962
171,Danny Young,Danny Young _1962
172,Clyde Drexler,Clyde Drexler _1962
173,Mike Smrek,Mike Smrek _1962
174,Ralph Jackson,Ralph Jackson _1962
175,Jim Petersen,Jim Petersen _1962
176,Steffond Johnson,Steffond Johnson _1962
177,Carey Scurry,Carey Scurry _1962
178,Steve Colter,Steve Colter _1962
179,Tom Sluby,Tom Sluby _1962
180,Butch Graves,Butch Graves _1962
181,Alvin Robertson,Alvin Robertson _1962
182,Anthony Jones,Anthony Jones _1962
183,Ben McDonald,Ben McDonald _1962
184,Jeff Turner,Jeff Turner _1962
185,Gary Plummer,Gary Plummer _1962
186,Jay Murphy,Jay Murphy _1962
187,Nick Vanos,Nick Vanos _1963
188,Sam Mitchell,Sam Mitchell _1963
189,Terry Porter,Terry Porter _1963
190,Johnny Newman,Johnny Newman _1963
191,Terry Catledge,Terry Catledge _1963
192,Scott Roth,Scott Roth _1963
193,Spud Webb,Spud Webb _1963
194,Stuart Gray,Stuart Gray _1963
195,Harold Pressley,Harold Pressley _1963
196,Xavier McDaniel,Xavier McDaniel _1963
197,Joe Dumars,Joe Dumars _1963
198,Mike Brown,Mike Brown _1963
199,Conner Henry,Conner Henry _1963
200,Sam Vincent,Sam Vincent _1963
201,Charles Oakley,Charles Oakley _1963
202,Karl Malone,Karl Malone _1963
203,Jon Koncak,Jon Koncak _1963
204,Johnny Rogers,Johnny Rogers _1963
205,Chris Mullin,Chris Mullin _1963
206,Greg Stokes,Greg Stokes _1963
207,Jeff Hornacek,Jeff Hornacek _1963
208,Mike Williams,Mike Williams _1963
209,Bill Wennington,Bill Wennington _1963
210,Mark Davis,Mark Davis _1963
211,Jim Les,Jim Les _1963
212,Tod Murphy,Tod Murphy _1963
213,Perry Young,Perry Young _1963
214,Ralph Lewis,Ralph Lewis _1963
215,Dwayne McClain,Dwayne McClain _1963
216,David Wingate,David Wingate _1963
217,A.C. Green,A.C. Green _1963
218,Steve Harris,Steve Harris _1963
219,Michael Jordan,Michael Jordan _1963
220,Mark Alarie,Mark Alarie _1963
221,Adrian Branch,Adrian Branch _1963
222,Michael Adams,Michael Adams _1963
223,Grant Gondrezick,Grant Gondrezick _1963
224,Billy Thompson,Billy Thompson _1963
225,David Cooke,David Cooke _1963
226,Johnny Dawkins,Johnny Dawkins _1963
227,Anthony Bowie,Anthony Bowie _1963
228,Forrest McKenzie,Forrest McKenzie _1963
229,Hakeem Olajuwon,Hakeem Olajuwon _1963
230,Detlef Schrempf,Detlef Schrempf _1963
231,Harold Keeling,Harold Keeling _1963
232,Dennis Nutt,Dennis Nutt _1963
233,Dexter Shouse,Dexter Shouse _1963
234,Lorenzo Charles,Lorenzo Charles _1963
235,Jose Ortiz,Jose Ortiz _1963
236,Mario Elie,Mario Elie _1963
237,Gerald Wilkins,Gerald Wilkins _1963
238,Kelvin Upshaw,Kelvin Upshaw _1963
239,Derrick Gervin,Derrick Gervin _1963
240,Barry Stevens,Barry Stevens _1963
241,Milt Wagner,Milt Wagner _1963
242,Mike Brittain,Mike Brittain _1963
243,Ed Pinckney,Ed Pinckney _1963
244,Dwayne Polee,Dwayne Polee _1963
245,Cory Blackwell,Cory Blackwell _1963
246,Pete Myers,Pete Myers _1963
247,Charles Barkley,Charles Barkley _1963
248,William Bedford,William Bedford _1963
249,Dave Henderson,Dave Henderson _1964
250,Richard Rellford,Richard Rellford _1964
251,Rafael Addison,Rafael Addison _1964
252,Craig Neal,Craig Neal _1964
253,Andre Spencer,Andre Spencer _1964
254,Tim Kempton,Tim Kempton _1964
255,Dave Popson,Dave Popson _1964
256,Mark Price,Mark Price _1964
257,Tom Copa,Tom Copa _1964
258,Kevin Duckworth,Kevin Duckworth _1964
259,Kenny Gattison,Kenny Gattison _1964
260,Roy Tarpley,Roy Tarpley _1964
261,Dominic Pressley,Dominic Pressley _1964
262,Curtis Kitchen,Curtis Kitchen _1964
263,Armen Gilliam,Armen Gilliam _1964
264,Michael Jackson,Michael Jackson _1964
265,Otis Smith,Otis Smith _1964
266,Steve Alford,Steve Alford _1964
267,Scott Meents,Scott Meents _1964
268,Rob Rose,Rob Rose _1964
269,Olden Polynice,Olden Polynice _1964
270,Jamie Waller,Jamie Waller _1964
271,Rolando Ferreira,Rolando Ferreira _1964
272,Ricky Wilson,Ricky Wilson _1964
273,David Wood,David Wood _1964
274,John Salley,John Salley _1964
275,Jack Haley,Jack Haley _1964
276,Benoit Benjamin,Benoit Benjamin _1964
277,Nikita Wilson,Nikita Wilson _1964
278,Nate McMillan,Nate McMillan _1964
279,Pearl Washington,Pearl Washington _1964
280,Larry Krystkowiak,Larry Krystkowiak _1964
281,Kenny Walker,Kenny Walker _1964
282,Winston Garland,Winston Garland _1964
283,Jim Farmer,Jim Farmer _1964
284,Bob McCann,Bob McCann _1964
285,Kevin Henderson,Kevin Henderson _1964
286,Bart Kofoed,Bart Kofoed _1964
287,Phil Zevenbergen,Phil Zevenbergen _1964
288,Andre Turner,Andre Turner _1964
289,Duane Washington,Duane Washington _1964
290,Joe Wolf,Joe Wolf _1964
291,Bruce Douglas,Bruce Douglas _1964
292,Ron Grandison,Ron Grandison _1964
293,Alexander Volkov,Alexander Volkov _1964
294,A.J. Wynder,A.J. Wynder _1964
295,Ken Norman,Ken Norman _1964
296,Mike Champion,Mike Champion _1964
297,Arvydas Sabonis,Arvydas Sabonis _1964
298,Dallas Comegys,Dallas Comegys _1964
299,Clinton Smith,Clinton Smith _1964
300,Brad Lohaus,Brad Lohaus _1964
301,Doug Lee,Doug Lee _1964
302,Walter Berry,Walter Berry _1964
303,Drazen Petrovic,Drazen Petrovic _1964
304,Carlton McKinney,Carlton McKinney _1964
305,Ronnie Murphy,Ronnie Murphy _1964
306,John Shasky,John Shasky _1964
307,Stojko Vrankovic,Stojko Vrankovic _1964
308,Anthony Frederick,Anthony Frederick _1964
309,Rickie Winslow,Rickie Winslow _1964
310,Scott Skiles,Scott Skiles _1964
311,Kenny Green,Kenny Green _1964
312,Kenny Battle,Kenny Battle _1964
313,Myron Jackson,Myron Jackson _1964
314,Keith Smith,Keith Smith _1964
315,Torgeir Bryn,Torgeir Bryn _1964
316,Ricky Berry,Ricky Berry _1964
317,Dave Hoppen,Dave Hoppen _1964
318,Ron Harper,Ron Harper _1964
319,Reggie Williams,Reggie Williams _1964
320,Buck Johnson,Buck Johnson _1964
321,Keith Smart,Keith Smart _1964
322,Greg Anderson,Greg Anderson _1964
323,Maurice Martin,Maurice Martin _1964
324,Sarunas Marciulionis,Sarunas Marciulionis _1964
325,Wayman Tisdale,Wayman Tisdale _1964
326,Chris Welp,Chris Welp _1964
327,Andre Moore,Andre Moore _1964
328,Dell Curry,Dell Curry _1964
329,Chuck Person,Chuck Person _1964
330,Avery Johnson,Avery Johnson _1965
331,Cedric Henderson,Cedric Henderson _1965
332,Michael Smith,Michael Smith _1965
333,Eric White,Eric White _1965
334,Clifford Lett,Clifford Lett _1965
335,Brian Rowsom,Brian Rowsom _1965
336,Winston Crite,Winston Crite _1965
337,Kannard Johnson,Kannard Johnson _1965
338,Chris Washburn,Chris Washburn _1965
339,Nate Blackwell,Nate Blackwell _1965
340,Reggie Miller,Reggie Miller _1965
341,Cedric Hunter,Cedric Hunter _1965
342,Jeff Grayer,Jeff Grayer _1965
343,David Rivers,David Rivers _1965
344,Martin Nessley,Martin Nessley _1965
345,Reggie Lewis,Reggie Lewis _1965
346,Mitch Richmond,Mitch Richmond _1965
347,Will Perdue,Will Perdue _1965
348,Kevin Gamble,Kevin Gamble _1965
349,John Starks,John Starks _1965
350,Richard Coffey,Richard Coffey _1965
351,Pete Williams,Pete Williams _1965
352,Joe Arlauckas,Joe Arlauckas _1965
353,Duane Ferrell,Duane Ferrell _1965
354,Brad Daugherty,Brad Daugherty _1965
355,Dan Majerle,Dan Majerle _1965
356,Tim Perry,Tim Perry _1965
357,Mark Wade,Mark Wade _1965
358,David Robinson,David Robinson _1965
359,Anthony Taylor,Anthony Taylor _1965
360,Charles Smith,Charles Smith _1965
361,Lanard Copeland,Lanard Copeland _1965
362,Horace Grant,Horace Grant _1965
363,Orlando Graham,Orlando Graham _1965
364,Raymond Brown,Raymond Brown _1965
365,Harvey Grant,Harvey Grant _1965
366,Scott Brooks,Scott Brooks _1965
367,Muggsy Bogues,Muggsy Bogues _1965
368,Ben Gillery,Ben Gillery _1965
369,Rony Seikaly,Rony Seikaly _1965
370,Kenny Smith,Kenny Smith _1965
371,Mark Jackson,Mark Jackson _1965
372,Sergei Bazarevich,Sergei Bazarevich _1965
373,Henry James,Henry James _1965
374,Andrew Gaze,Andrew Gaze _1965
375,Tony White,Tony White _1965
376,Chris Dudley,Chris Dudley _1965
377,Gerald Paddio,Gerald Paddio _1965
378,Tellis Frank,Tellis Frank _1965
379,Randy Allen,Randy Allen _1965
380,Kevin Edwards,Kevin Edwards _1965
381,Blue Edwards,Blue Edwards _1965
382,Scottie Pippen,Scottie Pippen _1965
383,Tom Tolbert,Tom Tolbert _1965
384,Steve Kerr,Steve Kerr _1965
385,Tracy Moore,Tracy Moore _1965
386,Dennis Hopson,Dennis Hopson _1965
387,Mark Bryant,Mark Bryant _1965
388,Gary Voce,Gary Voce _1965
389,Radisav Curcic,Radisav Curcic _1965
390,Winston Bennett,Winston Bennett _1965
391,Barry Sumpter,Barry Sumpter _1965
392,Billy Donovan,Billy Donovan _1965
393,Corey Gaines,Corey Gaines _1965
394,Gary Grant,Gary Grant _1965
395,Vernon Maxwell,Vernon Maxwell _1965
396,Darryl Johnson,Darryl Johnson _1965
397,Donald Royal,Donald Royal _1966
398,Randolph Keys,Randolph Keys _1966
399,Vinny Del Negro,Vinny Del Negro _1966
400,Kevin Johnson,Kevin Johnson _1966
401,Vincent Askew,Vincent Askew _1966
402,Lance Blanks,Lance Blanks _1966
403,Clifford Robinson,Clifford Robinson _1966
404,Morlon Wiley,Morlon Wiley _1966
405,Andrew Lang,Andrew Lang _1966
406,Haywoode Workman,Haywoode Workman _1966
407,Rob Lock,Rob Lock _1966
408,Stan Kimbrough,Stan Kimbrough _1966
409,Nate Johnston,Nate Johnston _1966
410,Byron Irvin,Byron Irvin _1966
411,Derrick McKey,Derrick McKey _1966
412,Kenny Payne,Kenny Payne _1966
413,Wayne Englestad,Wayne Englestad _1966
414,Anthony Pullard,Anthony Pullard _1966
415,Anthony Mason,Anthony Mason _1966
416,Bo Kimble,Bo Kimble _1966
417,Charles Shackleford,Charles Shackleford _1966
418,Henry Turner,Henry Turner _1966
419,Rick Calloway,Rick Calloway _1966
420,Tim Legler,Tim Legler _1966
421,Tom Garrick,Tom Garrick _1966
422,Dean Garrett,Dean Garrett _1966
423,Todd Mitchell,Todd Mitchell _1966
424,Danny Manning,Danny Manning _1966
425,Joao Vianna,Joao Vianna _1966
426,Hersey Hawkins,Hersey Hawkins _1966
427,Ledell Eackles,Ledell Eackles _1966
428,Fennis Dembo,Fennis Dembo _1966
429,Tito Horford,Tito Horford _1966
430,Kennard Winchester,Kennard Winchester _1966
431,Brian Quinnett,Brian Quinnett _1966
432,Michael Anderson,Michael Anderson _1966
433,Chris Morris,Chris Morris _1966
434,Richard Morton,Richard Morton _1966
435,Scott Haffner,Scott Haffner _1966
436,Ramon Rivas,Ramon Rivas _1966
437,Eric Johnson,Eric Johnson _1966
438,Bill Jones,Bill Jones _1966
439,Andy Toolson,Andy Toolson _1966
440,Tim Hardaway,Tim Hardaway _1966
441,Rik Smits,Rik Smits _1966
442,Brian Shaw,Brian Shaw _1966
443,Greg Grant,Greg Grant _1966
444,Rod Strickland,Rod Strickland _1966
445,Steve Bucknall,Steve Bucknall _1966
446,Irving Thomas,Irving Thomas _1966
447,Danny Ferry,Danny Ferry _1966
448,Roy Marble,Roy Marble _1966
449,Zarko Paspalj,Zarko Paspalj _1966
450,Shelton Jones,Shelton Jones _1966
451,Dikembe Mutombo,Dikembe Mutombo _1966
452,Everette Stephens,Everette Stephens _1966
453,Rumeal Robinson,Rumeal Robinson _1966
454,Jeff Lebo,Jeff Lebo _1966
455,Jeff Sanders,Jeff Sanders _1966
456,Pooh Richardson,Pooh Richardson _1966
457,Greg Butler,Greg Butler _1966
458,Leonard Taylor,Leonard Taylor _1966
459,Ricky Blanton,Ricky Blanton _1966
460,Sherman Douglas,Sherman Douglas _1966
461,Grant Long,Grant Long _1966
462,Eric Leckner,Eric Leckner _1966
463,Terry Dozier,Terry Dozier _1966
464,Micheal Williams,Micheal Williams _1966
465,Jerome Lane,Jerome Lane _1966
466,John Williams,John Williams _1966
467,Carl Herrera,Carl Herrera _1966
468,Adrian Caldwell,Adrian Caldwell _1966
469,Keith Askins,Keith Askins _1967
470,Terry Davis,Terry Davis _1967
471,Willie Anderson,Willie Anderson _1967
472,Ricky Grace,Ricky Grace _1967
473,Brian Howard,Brian Howard _1967
474,Alec Kessler,Alec Kessler _1967
475,Derrick Chievous,Derrick Chievous _1967
476,Jaren Jackson,Jaren Jackson _1967
477,Greg Sutton,Greg Sutton _1967
478,Eldridge Recasner,Eldridge Recasner _1967
479,Tom Hammonds,Tom Hammonds _1967
480,Dyron Nix,Dyron Nix _1967
481,Mike Higgins,Mike Higgins _1967
482,John Morton,John Morton _1967
483,Dana Barros,Dana Barros _1967
484,Derrick Coleman,Derrick Coleman _1967
485,Tony Harris,Tony Harris _1967
486,Randy White,Randy White _1967
487,Tony Massenburg,Tony Massenburg _1967
488,Gary Leonard,Gary Leonard _1967
489,Michael Ansley,Michael Ansley _1967
490,John Turner,John Turner _1967
491,Gerald Glass,Gerald Glass _1967
492,A.J. English,A.J. English _1967
493,Pervis Ellison,Pervis Ellison _1967
494,Pat Durham,Pat Durham _1967
495,Rex Chapman,Rex Chapman _1967
496,Patrick Eddie,Patrick Eddie _1967
497,Jeff Martin,Jeff Martin _1967
498,Sylvester Gray,Sylvester Gray _1967
499,Anthony Cook,Anthony Cook _1967
500,Tom Hovasse,Tom Hovasse _1967
501,Dan Godfread,Dan Godfread _1967
502,Doug Roth,Doug Roth _1967
503,Jay Taylor,Jay Taylor _1967
504,Tony Dawson,Tony Dawson _1967
505,Kurk Lee,Kurk Lee _1967
506,Doug West,Doug West _1967
507,Mike Morrison,Mike Morrison _1967
508,Les Jepsen,Les Jepsen _1967
509,Chris Childs,Chris Childs _1967
510,Chris Gatling,Chris Gatling _1967
511,Steve Scheffler,Steve Scheffler _1967
512,Glen Rice,Glen Rice _1967
513,Dave Jamerson,Dave Jamerson _1967
514,Charles Smith,Charles Smith _1967
515,Lloyd Daniels,Lloyd Daniels _1967
516,Ian Lockhart,Ian Lockhart _1967
517,Mark Randall,Mark Randall _1967
518,George McCloud,George McCloud _1967
519,Howard Wright,Howard Wright _1967
520,Skeeter Henry,Skeeter Henry _1967
521,Josh Grant,Josh Grant _1967
522,Gundars Vetra,Gundars Vetra _1967
523,Todd Lichti,Todd Lichti _1967
524,Ed Horton,Ed Horton _1967
525,Aleksandar Djordjevic,Aleksandar Djordjevic _1967
526,Terry Mills,Terry Mills _1967
527,Mookie Blaylock,Mookie Blaylock _1967
528,Ervin Johnson,Ervin Johnson _1967
529,Stanley Brundy,Stanley Brundy _1967
530,Paul Graham,Paul Graham _1967
531,Byron Dinkins,Byron Dinkins _1967
532,Matt Bullard,Matt Bullard _1967
533,B.J. Armstrong,B.J. Armstrong _1967
534,Kevin Pritchard,Kevin Pritchard _1967
535,Alvin Heggs,Alvin Heggs _1967
536,Chris Munk,Chris Munk _1967
537,Stacey King,Stacey King _1967
538,Greg Anthony,Greg Anthony _1967
539,Mel McCants,Mel McCants _1967
540,Frank Kornet,Frank Kornet _1967
541,Negele Knight,Negele Knight _1967
542,Alan Ogg,Alan Ogg _1967
543,Dino Radja,Dino Radja _1967
544,Melvin Newbern,Melvin Newbern _1967
545,Michael Curry,Michael Curry _1968
546,Tyrone Hill,Tyrone Hill _1968
547,Marty Conlon,Marty Conlon _1968
548,Chris Corchiani,Chris Corchiani _1968
549,Jayson Williams,Jayson Williams _1968
550,Mark Bradtke,Mark Bradtke _1968
551,Larry Robinson,Larry Robinson _1968
552,Anthony Bonner,Anthony Bonner _1968
553,Marcus Liberty,Marcus Liberty _1968
554,Scott Williams,Scott Williams _1968
555,Bimbo Coles,Bimbo Coles _1968
556,Larry Stewart,Larry Stewart _1968
557,Greg Foster,Greg Foster _1968
558,Brent Price,Brent Price _1968
559,Mike Iuzzolino,Mike Iuzzolino _1968
560,Chucky Brown,Chucky Brown _1968
561,Emanual Davis,Emanual Davis _1968
562,Dwayne Schintzius,Dwayne Schintzius _1968
563,Toni Kukoc,Toni Kukoc _1968
564,Stacey Augmon,Stacey Augmon _1968
565,David Benoit,David Benoit _1968
566,Loy Vaught,Loy Vaught _1968
567,Rodney Monroe,Rodney Monroe _1968
568,Lamont Strothers,Lamont Strothers _1968
569,Reggie Hanson,Reggie Hanson _1968
570,Sean Higgins,Sean Higgins _1968
571,Walter Palmer,Walter Palmer _1968
572,Cedric Ball,Cedric Ball _1968
573,Darrell Armstrong,Darrell Armstrong _1968
574,Tony Smith,Tony Smith _1968
575,Eric Murdock,Eric Murdock _1968
576,Dan O’Sullivan,Dan O’Sullivan _1968
577,Nick Anderson,Nick Anderson _1968
578,James Blackwell,James Blackwell _1968
579,Stefano Rusconi,Stefano Rusconi _1968
580,Alaa Abdelnaby,Alaa Abdelnaby _1968
581,Pete Chilcutt,Pete Chilcutt _1968
582,Trevor Wilson,Trevor Wilson _1968
583,Andres Guibert,Andres Guibert _1968
584,Dennis Scott,Dennis Scott _1968
585,Antonio Davis,Antonio Davis _1968
586,Reggie Jordan,Reggie Jordan _1968
587,Felton Spencer,Felton Spencer _1968
588,Travis Mays,Travis Mays _1968
589,Kevin Lynch,Kevin Lynch _1968
590,Willie Burton,Willie Burton _1968
591,Derek Strong,Derek Strong _1968
592,Kendall Gill,Kendall Gill _1968
593,Jud Buechler,Jud Buechler _1968
594,Stephen Thompson,Stephen Thompson _1968
595,J.R. Reid,J.R. Reid _1968
596,Steve Henson,Steve Henson _1968
597,Randy Brown,Randy Brown _1968
598,Sean Elliott,Sean Elliott _1968
599,Elden Campbell,Elden Campbell _1968
600,Brian Oliver,Brian Oliver _1968
601,Gary Payton,Gary Payton _1968
602,Tharon Mayes,Tharon Mayes _1968
603,Lionel Simmons,Lionel Simmons _1968
604,Duane Causwell,Duane Causwell _1968
605,Keith Jennings,Keith Jennings _1968
606,Dee Brown,Dee Brown _1968
607,Thomas Jordan,Thomas Jordan _1968
608,Brett Szabo,Brett Szabo _1968
609,Vlade Divac,Vlade Divac _1968
610,Tate George,Tate George _1968
611,Steve Bardo,Steve Bardo _1968
612,Milos Babic,Milos Babic _1968
613,Charles Thomas,Charles Thomas _1969
614,LaBradford Smith,LaBradford Smith _1969
615,Mark Macon,Mark Macon _1969
616,Carl Thomas,Carl Thomas _1969
617,Kenny Williams,Kenny Williams _1969
618,Travis Williams,Travis Williams _1969
619,Jimmy Oliver,Jimmy Oliver _1969
620,Geert Hammink,Geert Hammink _1969
621,Larry Johnson,Larry Johnson _1969
622,Byron Houston,Byron Houston _1969
623,Matt Othick,Matt Othick _1969
624,Billy Owens,Billy Owens _1969
625,Matt Geiger,Matt Geiger _1969
626,Robert Pack,Robert Pack _1969
627,Anthony Avent,Anthony Avent _1969
628,Kevin Brooks,Kevin Brooks _1969
629,Gaylon Nickerson,Gaylon Nickerson _1969
630,Gerald Madkins,Gerald Madkins _1969
631,Jerome Harmon,Jerome Harmon _1969
632,P.J. Brown,P.J. Brown _1969
633,Bobby Phills,Bobby Phills _1969
634,Demetrius Calip,Demetrius Calip _1969
635,Sam Cassell,Sam Cassell _1969
636,Sean Rooks,Sean Rooks _1969
637,Lorenzo Williams,Lorenzo Williams _1969
638,Isaiah Morris,Isaiah Morris _1969
639,Bob Martin,Bob Martin _1969
640,Doug Overton,Doug Overton _1969
641,John Crotty,John Crotty _1969
642,Matt Fish,Matt Fish _1969
643,Dale Davis,Dale Davis _1969
644,LaMark Baker,LaMark Baker _1969
645,Victor Alexander,Victor Alexander _1969
646,Joe Courtney,Joe Courtney _1969
647,Doug Smith,Doug Smith _1969
648,Cedric Ceballos,Cedric Ceballos _1969
649,Elmore Spencer,Elmore Spencer _1969
650,Mahmoud Abdul-Rauf,Mahmoud Abdul-Rauf _1969
651,LeRon Ellis,LeRon Ellis _1969
652,Rich King,Rich King _1969
653,Corie Blount,Corie Blount _1969
654,Tom Gugliotta,Tom Gugliotta _1969
655,Corey Crowder,Corey Crowder _1969
656,Elliot Perry,Elliot Perry _1969
657,Keith Owens,Keith Owens _1969
658,Donald Whiteside,Donald Whiteside _1969
659,Rick Fox,Rick Fox _1969
660,Vincenzo Esposito,Vincenzo Esposito _1969
661,Chris King,Chris King _1969
662,Donald Hodge,Donald Hodge _1969
663,Christian Laettner,Christian Laettner _1969
664,Tony Bennett,Tony Bennett _1969
665,Anthony Peeler,Anthony Peeler _1969
666,Darren Morningstar,Darren Morningstar _1969
667,Isaac Austin,Isaac Austin _1969
668,Marlon Maxey,Marlon Maxey _1969
669,Jay Guidinger,Jay Guidinger _1969
670,Shawn Kemp,Shawn Kemp _1969
671,Jon Barry,Jon Barry _1969
672,Michael McDonald,Michael McDonald _1969
673,Anthony Tucker,Anthony Tucker _1969
674,Gary Alexander,Gary Alexander _1969
675,Jay Edwards,Jay Edwards _1969
676,Luc Longley,Luc Longley _1969
677,Walter Bond,Walter Bond _1969
678,Evric Gray,Evric Gray _1969
679,Jerrod Mustaf,Jerrod Mustaf _1969
680,Duane Cooper,Duane Cooper _1969
681,Richard Dumas,Richard Dumas _1969
682,Bison Dele,Bison Dele _1969
683,Jimmy Carruth,Jimmy Carruth _1969
684,Richard Petruska,Richard Petruska _1969
685,Chad Gallagher,Chad Gallagher _1969
686,Steve Smith,Steve Smith _1969
687,Cedric Lewis,Cedric Lewis _1969
688,Myron Brown,Myron Brown _1969
689,Tim Breaux,Tim Breaux _1970
690,LaPhonso Ellis,LaPhonso Ellis _1970
691,Chris Jent,Chris Jent _1970
692,Litterial Green,Litterial Green _1970
693,Jo Jo English,Jo Jo English _1970
694,Eric Riley,Eric Riley _1970
695,Robert Horry,Robert Horry _1970
696,Corey Williams,Corey Williams _1970
697,Greg Graham,Greg Graham _1970
698,Stephen Howard,Stephen Howard _1970
699,Lawrence Funderburke,Lawrence Funderburke _1970
700,Kenny Anderson,Kenny Anderson _1970
701,Ivano Newbill,Ivano Newbill _1970
702,Dexter Cambridge,Dexter Cambridge _1970
703,Stanley Jackson,Stanley Jackson _1970
704,Marques Bragg,Marques Bragg _1970
705,Randy Woods,Randy Woods _1970
706,Trevor Ruffin,Trevor Ruffin _1970
707,John Amaechi,John Amaechi _1970
708,Eric Mobley,Eric Mobley _1970
709,Malik Sealy,Malik Sealy _1970
710,Dave Johnson,Dave Johnson _1970
711,Eric Piatkowski,Eric Piatkowski _1970
712,Malcolm Mackey,Malcolm Mackey _1970
713,Oliver Miller,Oliver Miller _1970
714,George Lynch,George Lynch _1970
715,Dexter Boney,Dexter Boney _1970
716,Antonio Harvey,Antonio Harvey _1970
717,Tony Farmer,Tony Farmer _1970
718,Sean Green,Sean Green _1970
719,Rex Walters,Rex Walters _1970
720,Sam Mack,Sam Mack _1970
721,Latrell Sprewell,Latrell Sprewell _1970
722,Bryant Stith,Bryant Stith _1970
723,Mark Strickland,Mark Strickland _1970
724,Shane Heal,Shane Heal _1970
725,Eric Anderson,Eric Anderson _1970
726,Reggie Smith,Reggie Smith _1970
727,Clarence Weatherspoon,Clarence Weatherspoon _1970
728,Adonis Jordan,Adonis Jordan _1970
729,Lucious Harris,Lucious Harris _1970
730,Scott Haskin,Scott Haskin _1970
731,Harold Ellis,Harold Ellis _1970
732,Rich Manning,Rich Manning _1970
733,Chris Mills,Chris Mills _1970
734,Hubert Davis,Hubert Davis _1970
735,Adam Keefe,Adam Keefe _1970
736,Lindsey Hunter,Lindsey Hunter _1970
737,Robert Werdann,Robert Werdann _1970
738,Zan Tabak,Zan Tabak _1970
739,Warren Kidd,Warren Kidd _1970
740,Mitchell Butler,Mitchell Butler _1970
741,Alex Blackwell,Alex Blackwell _1970
742,Brooks Thompson,Brooks Thompson _1970
743,Alonzo Mourning,Alonzo Mourning _1970
744,Terrell Brandon,Terrell Brandon _1970
745,Don MacLean,Don MacLean _1970
746,Popeye Jones,Popeye Jones _1970
747,Keith Tower,Keith Tower _1970
748,Matt Steigenga,Matt Steigenga _1970
749,Marcus Webb,Marcus Webb _1970
750,Doug Christie,Doug Christie _1970
751,Rastko Cvetkovic,Rastko Cvetkovic _1970
752,Todd Mundt,Todd Mundt _1970
753,Chris Smith,Chris Smith _1970
754,Reggie Slater,Reggie Slater _1970
755,Bryon Russell,Bryon Russell _1970
756,Stanley Roberts,Stanley Roberts _1970
757,Walt Williams,Walt Williams _1970
758,Lee Mayberry,Lee Mayberry _1970
759,David Wesley,David Wesley _1970
760,Mike Peplowski,Mike Peplowski _1970
761,Sasha Danilovic,Sasha Danilovic _1970
762,Elmer Bennett,Elmer Bennett _1970
763,Todd Day,Todd Day _1970
764,Jim Jackson,Jim Jackson _1970
765,Dell Demps,Dell Demps _1970
766,Charles Claxton,Charles Claxton _1970
767,Charlie Ward,Charlie Ward _1970
768,Acie Earl,Acie Earl _1970
769,Kevin Salvadori,Kevin Salvadori _1970
770,James Robinson,James Robinson _1970
771,Matt Wenstrom,Matt Wenstrom _1970
772,Brian Davis,Brian Davis _1970
773,Ashraf Amaya,Ashraf Amaya _1971
774,Darnell Mee,Darnell Mee _1971
775,Anthony Miller,Anthony Miller _1971
776,Julius Nwosu,Julius Nwosu _1971
777,Evers Burns,Evers Burns _1971
778,Darrin Hancock,Darrin Hancock _1971
779,Bill Edwards,Bill Edwards _1971
780,Alphonso Ford,Alphonso Ford _1971
781,Bo Outlaw,Bo Outlaw _1971
782,Logan Vander Velden,Logan Vander Velden _1971
783,Scott Burrell,Scott Burrell _1971
784,B.J. Tyler,B.J. Tyler _1971
785,Vin Baker,Vin Baker _1971
786,Gheorghe Muresan,Gheorghe Muresan _1971
787,Eddie Jones,Eddie Jones _1971
788,Brent Barry,Brent Barry _1971
789,Anthony Goldwire,Anthony Goldwire _1971
790,Allan Houston,Allan Houston _1971
791,Luther Wright,Luther Wright _1971
792,Aaron Williams,Aaron Williams _1971
793,Ed Stokes,Ed Stokes _1971
794,Isaiah Rider,Isaiah Rider _1971
795,Corey Beck,Corey Beck _1971
796,Kornel David,Kornel David _1971
797,Kevin Thompson,Kevin Thompson _1971
798,John Coker,John Coker _1971
799,Dwayne Morton,Dwayne Morton _1971
800,Fred Vinson,Fred Vinson _1971
801,Askia Jones,Askia Jones _1971
802,Carlos Rogers,Carlos Rogers _1971
803,Nick Van Exel,Nick Van Exel _1971
804,Monty Williams,Monty Williams _1971
805,Aaron Swinson,Aaron Swinson _1971
806,Wesley Person,Wesley Person _1971
807,Doug Edwards,Doug Edwards _1971
808,Anfernee Hardaway,Anfernee Hardaway _1971
809,Calbert Cheaney,Calbert Cheaney _1971
810,Brent Scott,Brent Scott _1971
811,Rodney Rogers,Rodney Rogers _1971
812,Terry Dehere,Terry Dehere _1971
813,Eric Montross,Eric Montross _1971
814,Jeff Webster,Jeff Webster _1971
815,Tracy Murray,Tracy Murray _1971
816,Harold Miner,Harold Miner _1971
817,Darrick Martin,Darrick Martin _1971
818,Chris Whitney,Chris Whitney _1971
819,Antoine Rigaudeau,Antoine Rigaudeau _1971
820,Bruce Bowen,Bruce Bowen _1971
821,Bobby Hurley,Bobby Hurley _1971
822,Cuonzo Martin,Cuonzo Martin _1971
823,Matt Maloney,Matt Maloney _1971
824,Greg Minor,Greg Minor _1971
825,Michael Smith,Michael Smith _1972
826,Derrick Alston,Derrick Alston _1972
827,Dwayne Whitfield,Dwayne Whitfield _1972
828,Robert Churchwell,Robert Churchwell _1972
829,Mark Pope,Mark Pope _1972
830,Melvin Booker,Melvin Booker _1972
831,Clifford Rozier,Clifford Rozier _1972
832,Ryan Lorthridge,Ryan Lorthridge _1972
833,Jamie Watson,Jamie Watson _1972
834,Ruben Nembhard,Ruben Nembhard _1972
835,Devin Gray,Devin Gray _1972
836,Howard Eisley,Howard Eisley _1972
837,Shawnelle Scott,Shawnelle Scott _1972
838,Antonio Lang,Antonio Lang _1972
839,Gerard King,Gerard King _1972
840,Michael Hawkins,Michael Hawkins _1972
841,Aaron McKie,Aaron McKie _1972
842,Shaquille O’Neal,Shaquille O’Neal _1972
843,Travis Best,Travis Best _1972
844,Ben Davis,Ben Davis _1972
845,Eric Williams,Eric Williams _1972
846,Alan Henderson,Alan Henderson _1972
847,Jamal Mashburn,Jamal Mashburn _1972
848,Tony Dumas,Tony Dumas _1972
849,Stevin Smith,Stevin Smith _1972
850,Shawn Respert,Shawn Respert _1972
851,Kevin Ollie,Kevin Ollie _1972
852,Kurt Thomas,Kurt Thomas _1972
853,Lou Roe,Lou Roe _1972
854,Khalid Reeves,Khalid Reeves _1972
855,Grant Hill,Grant Hill _1972
856,Howard Nathan,Howard Nathan _1972
857,Lawrence Moten,Lawrence Moten _1972
858,Rick Brunson,Rick Brunson _1972
859,Fred Hoiberg,Fred Hoiberg _1972
860,Lazaro Borrell,Lazaro Borrell _1972
861,Sherell Ford,Sherell Ford _1972
862,Loren Meyer,Loren Meyer _1972
863,Brian Grant,Brian Grant _1972
864,Dickey Simpkins,Dickey Simpkins _1972
865,Randolph Childress,Randolph Childress _1972
866,Clint McDaniel,Clint McDaniel _1972
867,Zeljko Rebraca,Zeljko Rebraca _1972
868,Bill Curley,Bill Curley _1972
869,James Scott,James Scott _1972
870,Shawn Bradley,Shawn Bradley _1972
871,Frankie King,Frankie King _1972
872,Ray Owes,Ray Owes _1972
873,Ed O’Bannon,Ed O’Bannon _1972
874,Art Long,Art Long _1972
875,Yinka Dare,Yinka Dare _1972
876,Derrick Phelps,Derrick Phelps _1972
877,Cherokee Parks,Cherokee Parks _1972
878,Donny Marshall,Donny Marshall _1972
879,Jim McIlvaine,Jim McIlvaine _1972
880,Theo Ratliff,Theo Ratliff _1973
881,Ira Bowman,Ira Bowman _1973
882,David Vanterpool,David Vanterpool _1973
883,Larry Sykes,Larry Sykes _1973
884,Junior Burrough,Junior Burrough _1973
885,Donnie Boyce,Donnie Boyce _1973
886,Brian Evans,Brian Evans _1973
887,Bob Sura,Bob Sura _1973
888,Jamel Thomas,Jamel Thomas _1973
889,Pat Burke,Pat Burke _1973
890,Jason Kidd,Jason Kidd _1973
891,Priest Lauderdale,Priest Lauderdale _1973
892,Lamond Murray,Lamond Murray _1973
893,Reggie Geary,Reggie Geary _1973
894,Rick Hughes,Rick Hughes _1973
895,Jason Caffey,Jason Caffey _1973
896,Damon Stoudamire,Damon Stoudamire _1973
897,David Vaughn,David Vaughn _1973
898,Makhtar N’Diaye,Makhtar N’Diaye _1973
899,Shandon Anderson,Shandon Anderson _1973
900,Peter Aluma,Peter Aluma _1973
901,Ruben Wolkowyski,Ruben Wolkowyski _1973
902,DeJuan Wheat,DeJuan Wheat _1973
903,Dragan Tarlac,Dragan Tarlac _1973
904,Terrence Rencher,Terrence Rencher _1973
905,Jamal Robinson,Jamal Robinson _1973
906,Mario Bennett,Mario Bennett _1973
907,Ben Handlogten,Ben Handlogten _1973
908,Bobby Jackson,Bobby Jackson _1973
909,Glenn Robinson,Glenn Robinson _1973
910,Ruben Garces,Ruben Garces _1973
911,James Collins,James Collins _1973
912,Voshon Lenard,Voshon Lenard _1973
913,George Zidek,George Zidek _1973
914,Joe Stephens,Joe Stephens _1973
915,Jimmy King,Jimmy King _1973
916,Corliss Williamson,Corliss Williamson _1973
917,Jerome Allen,Jerome Allen _1973
918,Chris Webber,Chris Webber _1973
919,Garth Joseph,Garth Joseph _1973
920,Don Reid,Don Reid _1973
921,Juaquin Hawkins,Juaquin Hawkins _1973
922,Greg Ostertag,Greg Ostertag _1973
923,Michael Finley,Michael Finley _1973
924,Nate Driggers,Nate Driggers _1973
925,Amal McCaskill,Amal McCaskill _1973
926,Etdrick Bohannon,Etdrick Bohannon _1973
927,Horacio Llamas Grey,Horacio Llamas Grey _1973
928,Jerome Williams,Jerome Williams _1973
929,Roy Rogers,Roy Rogers _1973
930,Rodrick Rhodes,Rodrick Rhodes _1973
931,Darvin Ham,Darvin Ham _1973
932,Bryant Reeves,Bryant Reeves _1973
933,Jeff Nordgaard,Jeff Nordgaard _1973
934,Eric Snow,Eric Snow _1973
935,Erick Strickland,Erick Strickland _1973
936,Donyell Marshall,Donyell Marshall _1973
937,Jalen Rose,Jalen Rose _1973
938,Rusty LaRue,Rusty LaRue _1973
939,Juwan Howard,Juwan Howard _1973
940,Sharone Wright,Sharone Wright _1973
941,Andrew DeClercq,Andrew DeClercq _1973
942,Cory Alexander,Cory Alexander _1973
943,Steve Hamer,Steve Hamer _1973
944,Mark Davis,Mark Davis _1973
945,Moochie Norris,Moochie Norris _1973
946,Tyus Edney,Tyus Edney _1973
947,Kebu Stewart,Kebu Stewart _1973
948,Drew Barry,Drew Barry _1973
949,Travis Knight,Travis Knight _1974
950,Chris Robinson,Chris Robinson _1974
951,Horace Jenkins,Horace Jenkins _1974
952,Jerald Honeycutt,Jerald Honeycutt _1974
953,Alvin Sims,Alvin Sims _1974
954,John Wallace,John Wallace _1974
955,Jeff McInnis,Jeff McInnis _1974
956,Kelvin Cato,Kelvin Cato _1974
957,Trevor Winter,Trevor Winter _1974
958,Ben Wallace,Ben Wallace _1974
959,Kerry Kittles,Kerry Kittles _1974
960,William Cunningham,William Cunningham _1974
961,Johnny Taylor,Johnny Taylor _1974
962,Steve Nash,Steve Nash _1974
963,Paul Grant,Paul Grant _1974
964,Rasheed Wallace,Rasheed Wallace _1974
965,Jonathan Kerner,Jonathan Kerner _1974
966,Derek Grimm,Derek Grimm _1974
967,Derek Anderson,Derek Anderson _1974
968,Jamie Feick,Jamie Feick _1974
969,Alvin Williams,Alvin Williams _1974
970,Jason Sasser,Jason Sasser _1974
971,Chucky Atkins,Chucky Atkins _1974
972,Jeff Sheppard,Jeff Sheppard _1974
973,Bryce Drew,Bryce Drew _1974
974,Antonio McDyess,Antonio McDyess _1974
975,Tariq Abdul-Wahad,Tariq Abdul-Wahad _1974
976,Todd Fuller,Todd Fuller _1974
977,Felipe Lopez,Felipe Lopez _1974
978,Malik Rose,Malik Rose _1974
979,Othella Harrington,Othella Harrington _1974
980,Gary Trent,Gary Trent _1974
981,Martin Muursepp,Martin Muursepp _1974
982,Ibo Kutluay,Ibo Kutluay _1974
983,Kiwane Garris,Kiwane Garris _1974
984,Tony Delk,Tony Delk _1974
985,Anthony Johnson,Anthony Johnson _1974
986,Walter McCarty,Walter McCarty _1974
987,Derek Fisher,Derek Fisher _1974
988,Mark Hendrickson,Mark Hendrickson _1974
989,Bubba Wells,Bubba Wells _1974
990,Keith Booth,Keith Booth _1974
991,Dontonio Wingfield,Dontonio Wingfield _1974
992,Jason Lawson,Jason Lawson _1974
993,Eric Washington,Eric Washington _1974
994,Jerry Stackhouse,Jerry Stackhouse _1974
995,Adrian Griffin,Adrian Griffin _1974
996,Mike Penberthy,Mike Penberthy _1974
997,Dedric Willoughby,Dedric Willoughby _1974
998,Chris Carr,Chris Carr _1974
999,Marcus Brown,Marcus Brown _1974
1000,Marcus Camby,Marcus Camby _1974
1001,Lorenzen Wright,Lorenzen Wright _1975
1002,Scot Pollard,Scot Pollard _1975
1003,Ray Allen,Ray Allen _1975
1004,Jacque Vaughn,Jacque Vaughn _1975
1005,Sam Jacobson,Sam Jacobson _1975
1006,Mikki Moore,Mikki Moore _1975
1007,Casey Shaw,Casey Shaw _1975
1008,Randy Livingston,Randy Livingston _1975
1009,Andrae Patterson,Andrae Patterson _1975
1010,Shammond Williams,Shammond Williams _1975
1011,Dontae’ Jones,Dontae’ Jones _1975
1012,Anthony Parker,Anthony Parker _1975
1013,Evan Eschmeyer,Evan Eschmeyer _1975
1014,Maceo Baston,Maceo Baston _1975
1015,Michael Olowokandi,Michael Olowokandi _1975
1016,Thomas Hamilton,Thomas Hamilton _1975
1017,Miles Simon,Miles Simon _1975
1018,Ryan Bowen,Ryan Bowen _1975
1019,Mengke Bateer,Mengke Bateer _1975
1020,Chris Garner,Chris Garner _1975
1021,Erick Dampier,Erick Dampier _1975
1022,Toby Bailey,Toby Bailey _1975
1023,John Thomas,John Thomas _1975
1024,Jason Williams,Jason Williams _1975
1025,Mark Jones,Mark Jones _1975
1026,Roshown McLeod,Roshown McLeod _1975
1027,Nate Huffman,Nate Huffman _1975
1028,Jerome James,Jerome James _1975
1029,Mark Blount,Mark Blount _1975
1030,Charles Jones,Charles Jones _1975
1031,Zydrunas Ilgauskas,Zydrunas Ilgauskas _1975
1032,Cuttino Mobley,Cuttino Mobley _1975
1033,Brevin Knight,Brevin Knight _1975
1034,Marc Jackson,Marc Jackson _1975
1035,Gerald Brown,Gerald Brown _1975
1036,Chris Anstey,Chris Anstey _1975
1037,Derrick Dial,Derrick Dial _1975
1038,James Cotton,James Cotton _1975
1039,Tyson Wheeler,Tyson Wheeler _1975
1040,Mike James,Mike James _1975
1041,Adonal Foyle,Adonal Foyle _1975
1042,DeMarco Johnson,DeMarco Johnson _1975
1043,Cedric Henderson,Cedric Henderson _1975
1044,Ira Newble,Ira Newble _1975
1045,Kelly McCarty,Kelly McCarty _1975
1046,Austin Croshere,Austin Croshere _1975
1047,Michael Dickerson,Michael Dickerson _1975
1048,Shea Seals,Shea Seals _1975
1049,Sean Marks,Sean Marks _1975
1050,Zendon Hamilton,Zendon Hamilton _1975
1051,Chris Herren,Chris Herren _1975
1052,Ed Gray,Ed Gray _1975
1053,Charles Smith,Charles Smith _1975
1054,Obinna Ekezie,Obinna Ekezie _1975
1055,Michael Stewart,Michael Stewart _1975
1056,Vitaly Potapenko,Vitaly Potapenko _1975
1057,Fabricio Oberto,Fabricio Oberto _1975
1058,Sean Colson,Sean Colson _1975
1059,Antonio Daniels,Antonio Daniels _1975
1060,Jason Miskiri,Jason Miskiri _1975
1061,Martin Lewis,Martin Lewis _1975
1062,Isaac Fontaine,Isaac Fontaine _1975
1063,Allen Iverson,Allen Iverson _1975
1064,Marlon Garnett,Marlon Garnett _1975
1065,Chris Crawford,Chris Crawford _1975
1066,Lee Nailon,Lee Nailon _1975
1067,Predrag Drobnjak,Predrag Drobnjak _1975
1068,Anthony Carter,Anthony Carter _1975
1069,Joe Smith,Joe Smith _1975
1070,Billy Thomas,Billy Thomas _1975
1071,Mamadou N’Diaye,Mamadou N’Diaye _1975
1072,Cory Carr,Cory Carr _1975
1073,Charles O’Bannon,Charles O’Bannon _1975
1074,Ruben Patterson,Ruben Patterson _1975
1075,Keon Clark,Keon Clark _1975
1076,Ryan Stack,Ryan Stack _1975
1077,Brandon Williams,Brandon Williams _1975
1078,Keith Van Horn,Keith Van Horn _1975
1079,Jahidi White,Jahidi White _1976
1080,Danny Fortson,Danny Fortson _1976
1081,Chauncey Billups,Chauncey Billups _1976
1082,Tyrone Nesby,Tyrone Nesby _1976
1083,Steve Goodrich,Steve Goodrich _1976
1084,Tony Battie,Tony Battie _1976
1085,Mark Madsen,Mark Madsen _1976
1086,J.R. Henderson,J.R. Henderson _1976
1087,Maurice Taylor,Maurice Taylor _1976
1088,Bonzi Wells,Bonzi Wells _1976
1089,Francisco Elson,Francisco Elson _1976
1090,Harold Jamison,Harold Jamison _1976
1091,Greg Buckner,Greg Buckner _1976
1092,Todd MacCulloch,Todd MacCulloch _1976
1093,Vonteego Cummings,Vonteego Cummings _1976
1094,Sarunas Jasikevicius,Sarunas Jasikevicius _1976
1095,Maurice Carter,Maurice Carter _1976
1096,Tim Young,Tim Young _1976
1097,Antawn Jamison,Antawn Jamison _1976
1098,Raja Bell,Raja Bell _1976
1099,Randell Jackson,Randell Jackson _1976
1100,Hanno Mottola,Hanno Mottola _1976
1101,Samaki Walker,Samaki Walker _1976
1102,Andre Miller,Andre Miller _1976
1103,Wayne Turner,Wayne Turner _1976
1104,Troy Hudson,Troy Hudson _1976
1105,Ryan Robertson,Ryan Robertson _1976
1106,Daniel Santiago,Daniel Santiago _1976
1107,Shareef Abdur-Rahim,Shareef Abdur-Rahim _1976
1108,Earl Boykins,Earl Boykins _1976
1109,Keith Closs,Keith Closs _1976
1110,Tim Duncan,Tim Duncan _1976
1111,Jermaine Jackson,Jermaine Jackson _1976
1112,Derek Hood,Derek Hood _1976
1113,Torraye Braggs,Torraye Braggs _1976
1114,Matt Harpring,Matt Harpring _1976
1115,Rafer Alston,Rafer Alston _1976
1116,Tremaine Fowlkes,Tremaine Fowlkes _1976
1117,Brad Miller,Brad Miller _1976
1118,Ron Mercer,Ron Mercer _1976
1119,Aleksandar Radojevic,Aleksandar Radojevic _1976
1120,Efthimi Rentzias,Efthimi Rentzias _1976
1121,Vladimir Stepania,Vladimir Stepania _1976
1122,Kevin Garnett,Kevin Garnett _1976
1123,Mirsad Turkcan,Mirsad Turkcan _1976
1124,Terrance Roberson,Terrance Roberson _1976
1125,Brian Skinner,Brian Skinner _1976
1126,Trajan Langdon,Trajan Langdon _1976
1127,Geno Carlisle,Geno Carlisle _1976
1128,Rasho Nesterovic,Rasho Nesterovic _1976
1129,Damon Jones,Damon Jones _1976
1130,Scott Padgett,Scott Padgett _1976
1131,Predrag Savovic,Predrag Savovic _1976
1132,Eddie Robinson,Eddie Robinson _1976
1133,Oscar Torres,Oscar Torres _1976
1134,Mike Smith,Mike Smith _1976
1135,Tim James,Tim James _1976
1136,Antoine Walker,Antoine Walker _1976
1137,Raef LaFrentz,Raef LaFrentz _1976
1138,Pat Garrity,Pat Garrity _1976
1139,Calvin Booth,Calvin Booth _1976
1140,Eduardo Najera,Eduardo Najera _1976
1141,Ansu Sesay,Ansu Sesay _1976
1142,God Shammgod,God Shammgod _1976
1143,Cal Bowdler,Cal Bowdler _1977
1144,Robert Traylor,Robert Traylor _1977
1145,Guy Rucker,Guy Rucker _1977
1146,Manu Ginobili,Manu Ginobili _1977
1147,Richie Frahm,Richie Frahm _1977
1148,Paul Shirley,Paul Shirley _1977
1149,Steve Francis,Steve Francis _1977
1150,Mike Batiste,Mike Batiste _1977
1151,Lari Ketner,Lari Ketner _1977
1152,Nazr Mohammed,Nazr Mohammed _1977
1153,Kenny Thomas,Kenny Thomas _1977
1154,Quincy Lewis,Quincy Lewis _1977
1155,Awvee Storey,Awvee Storey _1977
1156,Dan McClintock,Dan McClintock _1977
1157,Gordan Giricek,Gordan Giricek _1977
1158,Jason Terry,Jason Terry _1977
1159,Jeff Foster,Jeff Foster _1977
1160,Jabari Smith,Jabari Smith _1977
1161,Peja Stojakovic,Peja Stojakovic _1977
1162,Stephon Marbury,Stephon Marbury _1977
1163,Devean George,Devean George _1977
1164,A.J. Bramlett,A.J. Bramlett _1977
1165,Rodney Buford,Rodney Buford _1977
1166,Jake Voskuhl,Jake Voskuhl _1977
1167,Vince Carter,Vince Carter _1977
1168,Jorge Garbajosa,Jorge Garbajosa _1977
1169,Courtney Alexander,Courtney Alexander _1977
1170,James Posey,James Posey _1977
1171,Pablo Prigioni,Pablo Prigioni _1977
1172,Desmond Ferguson,Desmond Ferguson _1977
1173,Kenyon Martin,Kenyon Martin _1977
1174,Morris Peterson,Morris Peterson _1977
1175,Tim Thomas,Tim Thomas _1977
1176,Ime Udoka,Ime Udoka _1977
1177,Jason Collier,Jason Collier _1977
1178,Boniface N’Dong,Boniface N’Dong _1977
1179,John Celestand,John Celestand _1977
1180,Brian Cardinal,Brian Cardinal _1977
1181,Dan Langhi,Dan Langhi _1977
1182,Michael Doleac,Michael Doleac _1977
1183,Jelani McCoy,Jelani McCoy _1977
1184,Tyronn Lue,Tyronn Lue _1977
1185,Laron Profit,Laron Profit _1977
1186,Andy Panko,Andy Panko _1977
1187,Wang Zhizhi,Wang Zhizhi _1977
1188,Paul Pierce,Paul Pierce _1977
1189,Wally Szczerbiak,Wally Szczerbiak _1977
1190,Michael Ruffin,Michael Ruffin _1977
1191,Pepe Sanchez,Pepe Sanchez _1977
1192,Mateen Cleaves,Mateen Cleaves _1977
1193,Desmond Mason,Desmond Mason _1977
1194,Marko Milic,Marko Milic _1977
1195,Darius Songaila,Darius Songaila _1978
1196,Travis Hansen,Travis Hansen _1978
1197,Richard Hamilton,Richard Hamilton _1978
1198,Juan Dixon,Juan Dixon _1978
1199,Malik Allen,Malik Allen _1978
1200,Shawn Marion,Shawn Marion _1978
1201,Dirk Nowitzki,Dirk Nowitzki _1978
1202,Korleone Young,Korleone Young _1978
1203,Marko Jaric,Marko Jaric _1978
1204,Milt Palacio,Milt Palacio _1978
1205,Jamaal Magloire,Jamaal Magloire _1978
1206,Stephen Jackson,Stephen Jackson _1978
1207,Jermaine O’Neal,Jermaine O’Neal _1978
1208,Dan Dickau,Dan Dickau _1978
1209,Maurice Evans,Maurice Evans _1978
1210,A.J. Guyton,A.J. Guyton _1978
1211,Will Solomon,Will Solomon _1978
1212,Chris Andersen,Chris Andersen _1978
1213,Ruben Boumtje-Boumtje,Ruben Boumtje-Boumtje _1978
1214,Jarron Collins,Jarron Collins _1978
1215,Jason Collins,Jason Collins _1978
1216,Dean Oliver,Dean Oliver _1978
1217,Tang Hamilton,Tang Hamilton _1978
1218,Kaniel Dickens,Kaniel Dickens _1978
1219,Kobe Bryant,Kobe Bryant _1978
1220,Brian Scalabrine,Brian Scalabrine _1978
1221,Loren Woods,Loren Woods _1978
1222,Eddie House,Eddie House _1978
1223,Erick Barkley,Erick Barkley _1978
1224,Lavor Postell,Lavor Postell _1978
1225,Jason Hart,Jason Hart _1978
1226,Soumaila Samake,Soumaila Samake _1978
1227,Melvin Ely,Melvin Ely _1978
1228,Marcus Fizer,Marcus Fizer _1978
1229,Paul McPherson,Paul McPherson _1978
1230,Mike Bibby,Mike Bibby _1978
1231,Devin Brown,Devin Brown _1978
1232,Etan Thomas,Etan Thomas _1978
1233,Jerome Moiso,Jerome Moiso _1978
1234,Corey Benjamin,Corey Benjamin _1978
1235,Shane Battier,Shane Battier _1978
1236,Alvin Jones,Alvin Jones _1978
1237,Dion Glover,Dion Glover _1978
1238,Alex Scales,Alex Scales _1978
1239,Ken Johnson,Ken Johnson _1978
1240,Speedy Claxton,Speedy Claxton _1978
1241,Eddie Gill,Eddie Gill _1978
1242,Chris Porter,Chris Porter _1978
1243,Dan Gadzuric,Dan Gadzuric _1978
1244,Igor Rakocevic,Igor Rakocevic _1978
1245,Jamaal Tinsley,Jamaal Tinsley _1978
1246,Chris Owens,Chris Owens _1979
1247,Jannero Pargo,Jannero Pargo _1979
1248,Randy Holcomb,Randy Holcomb _1979
1249,Michael Redd,Michael Redd _1979
1250,Jumaine Jones,Jumaine Jones _1979
1251,Charlie Bell,Charlie Bell _1979
1252,Maurice Baker,Maurice Baker _1979
1253,Tony Bobbitt,Tony Bobbitt _1979
1254,Ryan Humphrey,Ryan Humphrey _1979
1255,Michael Bradley,Michael Bradley _1979
1256,Corsley Edwards,Corsley Edwards _1979
1257,Corey Maggette,Corey Maggette _1979
1258,Khalid El-Amin,Khalid El-Amin _1979
1259,Joe Crispin,Joe Crispin _1979
1260,Lynn Greer,Lynn Greer _1979
1261,Primoz Brezec,Primoz Brezec _1979
1262,Fred Jones,Fred Jones _1979
1263,Elton Brand,Elton Brand _1979
1264,Terence Morris,Terence Morris _1979
1265,Mike Wilks,Mike Wilks _1979
1266,Ricky Davis,Ricky Davis _1979
1267,Jeryl Sasser,Jeryl Sasser _1979
1268,Larry Hughes,Larry Hughes _1979
1269,Joel Przybilla,Joel Przybilla _1979
1270,Hedo Turkoglu,Hedo Turkoglu _1979
1271,Kirk Haston,Kirk Haston _1979
1272,Damone Brown,Damone Brown _1979
1273,Cezary Trybanski,Cezary Trybanski _1979
1274,Walter Herrmann,Walter Herrmann _1979
1275,Keith McLeod,Keith McLeod _1979
1276,Carlos Arroyo,Carlos Arroyo _1979
1277,Ernest Brown,Ernest Brown _1979
1278,Norm Richardson,Norm Richardson _1979
1279,William Avery,William Avery _1979
1280,Trenton Hassell,Trenton Hassell _1979
1281,Ronald Murray,Ronald Murray _1979
1282,Lamar Odom,Lamar Odom _1979
1283,Rashard Lewis,Rashard Lewis _1979
1284,Ratko Varda,Ratko Varda _1979
1285,Kevin Burleson,Kevin Burleson _1979
1286,Brendan Haywood,Brendan Haywood _1979
1287,Baron Davis,Baron Davis _1979
1288,Chris Mihm,Chris Mihm _1979
1289,Tierre Brown,Tierre Brown _1979
1290,Anthony Grundy,Anthony Grundy _1979
1291,Sean Lampley,Sean Lampley _1979
1292,Tracy McGrady,Tracy McGrady _1979
1293,Rasual Butler,Rasual Butler _1979
1294,Jeff Trepagnier,Jeff Trepagnier _1979
1295,Stanislav Medvedenko,Stanislav Medvedenko _1979
1296,Stromile Swift,Stromile Swift _1979
1297,Earl Watson,Earl Watson _1979
1298,Lonny Baxter,Lonny Baxter _1979
1299,Jake Tsakalidis,Jake Tsakalidis _1979
1300,Andres Nocioni,Andres Nocioni _1979
1301,Metta World Peace,Metta World Peace _1979
1302,John Salmons,John Salmons _1979
1303,Britton Johnsen,Britton Johnsen _1979
1304,Mehmet Okur,Mehmet Okur _1979
1305,Tayshaun Prince,Tayshaun Prince _1980
1306,Adam Harrington,Adam Harrington _1980
1307,Juan Carlos Navarro,Juan Carlos Navarro _1980
1308,Theron Smith,Theron Smith _1980
1309,Damien Wilkins,Damien Wilkins _1980
1310,Chris Jefferies,Chris Jefferies _1980
1311,Kareem Rush,Kareem Rush _1980
1312,Bobby Simmons,Bobby Simmons _1980
1313,Jerome Beasley,Jerome Beasley _1980
1314,Brian Cook,Brian Cook _1980
1315,Raul Lopez,Raul Lopez _1980
1316,Roger Mason,Roger Mason _1980
1317,Jamal Crawford,Jamal Crawford _1980
1318,David West,David West _1980
1319,Richard Jefferson,Richard Jefferson _1980
1320,Matt Barnes,Matt Barnes _1980
1321,Reggie Evans,Reggie Evans _1980
1322,Curtis Borchardt,Curtis Borchardt _1980
1323,Luis Scola,Luis Scola _1980
1324,Udonis Haslem,Udonis Haslem _1980
1325,Andre Owens,Andre Owens _1980
1326,Keyon Dooling,Keyon Dooling _1980
1327,Troy Murphy,Troy Murphy _1980
1328,Leon Smith,Leon Smith _1980
1329,Quentin Richardson,Quentin Richardson _1980
1330,Vladimir Radmanovic,Vladimir Radmanovic _1980
1331,Jamison Brewer,Jamison Brewer _1980
1332,James Thomas,James Thomas _1980
1333,Luke Walton,Luke Walton _1980
1334,Steve Blake,Steve Blake _1980
1335,Keith Bogans,Keith Bogans _1980
1336,Rafael Araujo,Rafael Araujo _1980
1337,Junior Harrington,Junior Harrington _1980
1338,Yao Ming,Yao Ming _1980
1339,Caron Butler,Caron Butler _1980
1340,Antonio Burks,Antonio Burks _1980
1341,Mike Dunleavy Jr.,Mike Dunleavy Jr. _1980
1342,Bernard Robinson,Bernard Robinson _1980
1343,Brandon Hunter,Brandon Hunter _1980
1344,Al Harrington,Al Harrington _1980
1345,Lionel Chalmers,Lionel Chalmers _1980
1346,David Andersen,David Andersen _1980
1347,J.R. Bremer,J.R. Bremer _1980
1348,Josh Davis,Josh Davis _1980
1349,Dahntay Jones,Dahntay Jones _1980
1350,Kirk Penney,Kirk Penney _1980
1351,Donnell Harvey,Donnell Harvey _1980
1352,Jamario Moon,Jamario Moon _1980
1353,Linton Johnson,Linton Johnson _1980
1354,Mario Kasun,Mario Kasun _1980
1355,Tamar Slay,Tamar Slay _1980
1356,Matt Bonner,Matt Bonner _1980
1357,Dalibor Bagaric,Dalibor Bagaric _1980
1358,Didier Ilunga-Mbenga,Didier Ilunga-Mbenga _1980
1359,Yuta Tabuse,Yuta Tabuse _1980
1360,Frank Williams,Frank Williams _1980
1361,Brandon Armstrong,Brandon Armstrong _1980
1362,Troy Bell,Troy Bell _1980
1363,Rodney White,Rodney White _1980
1364,Bostjan Nachbar,Bostjan Nachbar _1980
1365,DerMarr Johnson,DerMarr Johnson _1980
1366,Josh Howard,Josh Howard _1980
1367,Marcus Haislip,Marcus Haislip _1980
1368,Arvydas Macijauskas,Arvydas Macijauskas _1980
1369,James Jones,James Jones _1980
1370,Matt Carroll,Matt Carroll _1980
1371,Bruno Sundov,Bruno Sundov _1980
1372,Robert Archibald,Robert Archibald _1980
1373,Mike Miller,Mike Miller _1980
1374,Nick Collison,Nick Collison _1980
1375,Pau Gasol,Pau Gasol _1980
1376,Alex Garcia,Alex Garcia _1980
1377,Jiri Welsch,Jiri Welsch _1980
1378,Marquis Daniels,Marquis Daniels _1981
1379,Earl Barron,Earl Barron _1981
1380,Jose Calderon,Jose Calderon _1981
1381,Kasib Powell,Kasib Powell _1981
1382,Steven Hunter,Steven Hunter _1981
1383,Joe Johnson,Joe Johnson _1981
1384,Desmon Farmer,Desmon Farmer _1981
1385,Jonathan Bender,Jonathan Bender _1981
1386,Jarvis Hayes,Jarvis Hayes _1981
1387,Kedrick Brown,Kedrick Brown _1981
1388,Lance Allred,Lance Allred _1981
1389,Matt Freije,Matt Freije _1981
1390,Andrei Kirilenko,Andrei Kirilenko _1981
1391,Jay Williams,Jay Williams _1981
1392,Carlos Boozer,Carlos Boozer _1981
1393,Reece Gaines,Reece Gaines _1981
1394,Kyle Korver,Kyle Korver _1981
1395,John Edwards,John Edwards _1981
1396,Hiram Fuller,Hiram Fuller _1981
1397,Marcus Banks,Marcus Banks _1981
1398,Andre Brown,Andre Brown _1981
1399,Qyntel Woods,Qyntel Woods _1981
1400,Royal Ivey,Royal Ivey _1981
1401,Kenny Satterfield,Kenny Satterfield _1981
1402,Luke Jackson,Luke Jackson _1981
1403,Tito Maddox,Tito Maddox _1981
1404,James Singleton,James Singleton _1981
1405,Francisco Garcia,Francisco Garcia _1981
1406,Ronald Dupree,Ronald Dupree _1981
1407,Derrick Zimmerman,Derrick Zimmerman _1981
1408,Noel Felix,Noel Felix _1981
1409,Melvin Sanders,Melvin Sanders _1981
1410,Desmond Penigar,Desmond Penigar _1981
1411,Zach Randolph,Zach Randolph _1981
1412,Jackson Vroman,Jackson Vroman _1981
1413,Brandin Knight,Brandin Knight _1981
1414,Joseph Forte,Joseph Forte _1981
1415,Zarko Cabarkapa,Zarko Cabarkapa _1981
1416,Samuel Dalembert,Samuel Dalembert _1981
1417,Kirk Hinrich,Kirk Hinrich _1981
1418,Olumide Oyedeji,Olumide Oyedeji _1981
1419,Vincent Yarbrough,Vincent Yarbrough _1981
1420,Jason Richardson,Jason Richardson _1981
1421,Luis Flores,Luis Flores _1981
1422,Quinton Ross,Quinton Ross _1981
1423,Antonis Fotsis,Antonis Fotsis _1981
1424,Drew Gooden,Drew Gooden _1981
1425,DeShawn Stevenson,DeShawn Stevenson _1981
1426,Pape Sow,Pape Sow _1981
1427,Casey Jacobsen,Casey Jacobsen _1981
1428,Darius Miles,Darius Miles _1981
1429,Willie Green,Willie Green _1981
1430,Smush Parker,Smush Parker _1981
1431,Alton Ford,Alton Ford _1981
1432,Luke Ridnour,Luke Ridnour _1981
1433,Jason Kapono,Jason Kapono _1981
1434,Andreas Glyniadakis,Andreas Glyniadakis _1981
1435,Jared Jeffries,Jared Jeffries _1981
1436,Joey Graham,Joey Graham _1982
1437,Kwame Brown,Kwame Brown _1982
1438,Stephane Lasme,Stephane Lasme _1982
1439,Eddy Curry,Eddy Curry _1982
1440,Mike Sweetney,Mike Sweetney _1982
1441,Devin Green,Devin Green _1982
1442,Chris Duhon,Chris Duhon _1982
1443,Pero Antic,Pero Antic _1982
1444,Erik Daniels,Erik Daniels _1982
1445,Lawrence Roberts,Lawrence Roberts _1982
1446,Walker Russell Jr.,Walker Russell Jr. _1982
1447,Joel Anthony,Joel Anthony _1982
1448,Omar Cook,Omar Cook _1982
1449,DeSagana Diop,DeSagana Diop _1982
1450,Ryan Gomes,Ryan Gomes _1982
1451,Tyson Chandler,Tyson Chandler _1982
1452,Eddie Griffin,Eddie Griffin _1982
1453,Andre Barrett,Andre Barrett _1982
1454,Gerald Fitch,Gerald Fitch _1982
1455,James White,James White _1982
1456,Gilbert Arenas,Gilbert Arenas _1982
1457,Nene Hilario,Nene Hilario _1982
1458,Yakhouba Diawara,Yakhouba Diawara _1982
1459,Beno Udrih,Beno Udrih _1982
1460,Matt Walsh,Matt Walsh _1982
1461,Carlos Delfino,Carlos Delfino _1982
1462,Stephen Graham,Stephen Graham _1982
1463,Renaldo Major,Renaldo Major _1982
1464,John Lucas III,John Lucas III _1982
1465,Alan Anderson,Alan Anderson _1982
1466,Dwyane Wade,Dwyane Wade _1982
1467,Justin Reed,Justin Reed _1982
1468,Tony Allen,Tony Allen _1982
1469,Andre Emmett,Andre Emmett _1982
1470,Orien Greene,Orien Greene _1982
1471,Jameer Nelson,Jameer Nelson _1982
1472,Vassilis Spanoulis,Vassilis Spanoulis _1982
1473,Luke Schenscher,Luke Schenscher _1982
1474,Viktor Khryapa,Viktor Khryapa _1982
1475,Amar’e Stoudemire,Amar’e Stoudemire _1982
1476,Travis Diener,Travis Diener _1982
1477,Luther Head,Luther Head _1982
1478,Gerald Wallace,Gerald Wallace _1982
1479,Leandro Barbosa,Leandro Barbosa _1982
1480,Chris Wilcox,Chris Wilcox _1982
1481,Lou Amundson,Lou Amundson _1982
1482,Rawle Marshall,Rawle Marshall _1982
1483,Donell Taylor,Donell Taylor _1982
1484,Jared Reiner,Jared Reiner _1982
1485,Will Conroy,Will Conroy _1982
1486,Robert Whaley,Robert Whaley _1982
1487,Chris Kaman,Chris Kaman _1982
1488,David Harrison,David Harrison _1982
1489,Boris Diaw,Boris Diaw _1982
1490,Anderson Varejao,Anderson Varejao _1982
1491,Emeka Okafor,Emeka Okafor _1982
1492,Mickael Pietrus,Mickael Pietrus _1982
1493,Mo Williams,Mo Williams _1982
1494,Ivan McFarlin,Ivan McFarlin _1982
1495,Zoran Planinic,Zoran Planinic _1982
1496,Sharrod Ford,Sharrod Ford _1982
1497,Salim Stoudamire,Salim Stoudamire _1982
1498,Hakim Warrick,Hakim Warrick _1982
1499,Tony Parker,Tony Parker _1982
1500,Deng Gai,Deng Gai _1982
1501,Kelenna Azubuike,Kelenna Azubuike _1983
1502,Larry Owens,Larry Owens _1983
1503,Donta Smith,Donta Smith _1983
1504,Al Thornton,Al Thornton _1983
1505,Wayne Simien,Wayne Simien _1983
1506,Esteban Batista,Esteban Batista _1983
1507,Will Blalock,Will Blalock _1983
1508,Devin Harris,Devin Harris _1983
1509,Shavlik Randolph,Shavlik Randolph _1983
1510,Kevinn Pinkney,Kevinn Pinkney _1983
1511,Dontell Jefferson,Dontell Jefferson _1983
1512,James Lang,James Lang _1983
1513,Roger Powell,Roger Powell _1983
1514,Alex Acker,Alex Acker _1983
1515,Pops Mensah-Bonsu,Pops Mensah-Bonsu _1983
1516,Joey Dorsey,Joey Dorsey _1983
1517,Carldell Johnson,Carldell Johnson _1983
1518,Coby Karl,Coby Karl _1983
1519,Ben Gordon,Ben Gordon _1983
1520,Slavko Vranes,Slavko Vranes _1983
1521,Cedric Bozeman,Cedric Bozeman _1983
1522,Mickael Gelabale,Mickael Gelabale _1983
1523,Ike Diogu,Ike Diogu _1983
1524,Courtney Sims,Courtney Sims _1983
1525,Dwayne Jones,Dwayne Jones _1983
1526,Aaron Miles,Aaron Miles _1983
1527,Channing Frye,Channing Frye _1983
1528,Ronnie Price,Ronnie Price _1983
1529,Nikoloz Tskitishvili,Nikoloz Tskitishvili _1983
1530,Eddie Basden,Eddie Basden _1983
1531,Steve Novak,Steve Novak _1983
1532,Ronny Turiaf,Ronny Turiaf _1983
1533,Eugene Jeter,Eugene Jeter _1983
1534,Randy Foye,Randy Foye _1983
1535,Anthony Roberson,Anthony Roberson _1983
1536,Julius Hodge,Julius Hodge _1983
1537,Kirk Snyder,Kirk Snyder _1983
1538,Marcelo Huertas,Marcelo Huertas _1983
1539,Sergei Monia,Sergei Monia _1983
1540,Daniel Ewing,Daniel Ewing _1983
1541,Danny Granger,Danny Granger _1983
1542,Dajuan Wagner,Dajuan Wagner _1983
1543,Keith Langford,Keith Langford _1983
1544,Josh Childress,Josh Childress _1983
1545,Carl Landry,Carl Landry _1983
1546,Craig Smith,Craig Smith _1983
1547,Sasha Pavlovic,Sasha Pavlovic _1983
1548,Alexander Johnson,Alexander Johnson _1983
1549,T.J. Ford,T.J. Ford _1983
1550,Chris Quinn,Chris Quinn _1983
1551,Jason Maxiell,Jason Maxiell _1983
1552,Will Bynum,Will Bynum _1983
1553,Mike Harris,Mike Harris _1983
1554,Kevin Martin,Kevin Martin _1983
1555,Steven Smith,Steven Smith _1983
1556,Delonte West,Delonte West _1983
1557,Jamal Sampson,Jamal Sampson _1983
1558,Dijon Thompson,Dijon Thompson _1983
1559,David Lee,David Lee _1983
1560,Shelden Williams,Shelden Williams _1983
1561,Uros Slokar,Uros Slokar _1983
1562,Josh Powell,Josh Powell _1983
1563,Chuck Hayes,Chuck Hayes _1983
1564,Jawad Williams,Jawad Williams _1983
1565,Nenad Krstic,Nenad Krstic _1983
1566,Jarrett Jack,Jarrett Jack _1983
1567,Hassan Adams,Hassan Adams _1984
1568,Eric Dawson,Eric Dawson _1984
1569,Allan Ray,Allan Ray _1984
1570,Maurice Ager,Maurice Ager _1984
1571,Mardy Collins,Mardy Collins _1984
1572,Roko Ukic,Roko Ukic _1984
1573,Blake Ahearn,Blake Ahearn _1984
1574,Carmelo Anthony,Carmelo Anthony _1984
1575,Chris Hunter,Chris Hunter _1984
1576,Jermareo Davidson,Jermareo Davidson _1984
1577,Kendrick Perkins,Kendrick Perkins _1984
1578,Cheikh Samb,Cheikh Samb _1984
1579,Mile Ilic,Mile Ilic _1984
1580,Hilton Armstrong,Hilton Armstrong _1984
1581,Adam Morrison,Adam Morrison _1984
1582,Antoine Wright,Antoine Wright _1984
1583,Ndudi Ebi,Ndudi Ebi _1984
1584,Solomon Jones,Solomon Jones _1984
1585,Darryl Watkins,Darryl Watkins _1984
1586,Alando Tucker,Alando Tucker _1984
1587,Patrick Ewing Jr.,Patrick Ewing Jr. _1984
1588,David Noel,David Noel _1984
1589,James Augustine,James Augustine _1984
1590,Marcin Gortat,Marcin Gortat _1984
1591,Quincy Douby,Quincy Douby _1984
1592,Marcus Vinicius,Marcus Vinicius _1984
1593,Cartier Martin,Cartier Martin _1984
1594,Chris Richard,Chris Richard _1984
1595,Nate Robinson,Nate Robinson _1984
1596,Zaza Pachulia,Zaza Pachulia _1984
1597,Josh Boone,Josh Boone _1984
1598,Mike Hall,Mike Hall _1984
1599,Oliver Lafayette,Oliver Lafayette _1984
1600,Paul Davis,Paul Davis _1984
1601,Mario West,Mario West _1984
1602,Chris McCray,Chris McCray _1984
1603,Jeremy Richardson,Jeremy Richardson _1984
1604,Justin Williams,Justin Williams _1984
1605,Andrew Bogut,Andrew Bogut _1984
1606,Renaldo Balkman,Renaldo Balkman _1984
1607,Brandon Roy,Brandon Roy _1984
1608,Leon Powe,Leon Powe _1984
1609,Rodney Carney,Rodney Carney _1984
1610,C.J. Watson,C.J. Watson _1984
1611,Deron Williams,Deron Williams _1984
1612,Bracey Wright,Bracey Wright _1984
1613,Demetris Nichols,Demetris Nichols _1984
1614,Bobby Jones,Bobby Jones _1984
1615,Lester Hudson,Lester Hudson _1984
1616,Zabian Dowdell,Zabian Dowdell _1984
1617,Dee Brown,Dee Brown _1984
1618,Robert Hite,Robert Hite _1984
1619,Andre Iguodala,Andre Iguodala _1984
1620,Ivan Johnson,Ivan Johnson _1984
1621,Tarence Kinsey,Tarence Kinsey _1984
1622,Ryan Hollins,Ryan Hollins _1984
1623,Rashad McCants,Rashad McCants _1984
1624,Trey Johnson,Trey Johnson _1984
1625,Aaron Gray,Aaron Gray _1984
1626,Sean May,Sean May _1984
1627,J.J. Barea,J.J. Barea _1984
1628,Gary Neal,Gary Neal _1984
1629,LeBron James,LeBron James _1984
1630,Chris Bosh,Chris Bosh _1984
1631,Raymond Felton,Raymond Felton _1984
1632,Sasha Vujacic,Sasha Vujacic _1984
1633,Bobby Brown,Bobby Brown _1984
1634,Derrick Byars,Derrick Byars _1984
1635,Chris Copeland,Chris Copeland _1984
1636,Mustafa Shakur,Mustafa Shakur _1984
1637,Thabo Sefolosha,Thabo Sefolosha _1984
1638,J.J. Redick,J.J. Redick _1984
1639,Charlie Villanueva,Charlie Villanueva _1984
1640,Travis Outlaw,Travis Outlaw _1984
1641,Al Jefferson,Al Jefferson _1985
1642,Mirza Teletovic,Mirza Teletovic _1985
1643,Courtney Lee,Courtney Lee _1985
1644,Morris Almond,Morris Almond _1985
1645,Andre Ingram,Andre Ingram _1985
1646,Von Wafer,Von Wafer _1985
1647,Trevor Ariza,Trevor Ariza _1985
1648,Shannon Brown,Shannon Brown _1985
1649,Bernard James,Bernard James _1985
1650,Shaun Livingston,Shaun Livingston _1985
1651,Chris Paul,Chris Paul _1985
1652,Damir Markota,Damir Markota _1985
1653,Darnell Jackson,Darnell Jackson _1985
1654,Gary Forbes,Gary Forbes _1985
1655,Joakim Noah,Joakim Noah _1985
1656,Steven Hill,Steven Hill _1985
1657,Darko Milicic,Darko Milicic _1985
1658,Josh Smith,Josh Smith _1985
1659,Sun Yue,Sun Yue _1985
1660,Peter John Ramos,Peter John Ramos _1985
1661,Chris Taft,Chris Taft _1985
1662,Jackie Butler,Jackie Butler _1985
1663,Paul Millsap,Paul Millsap _1985
1664,D.J. Strawberry,D.J. Strawberry _1985
1665,Maciej Lampe,Maciej Lampe _1985
1666,Oleksiy Pecherov,Oleksiy Pecherov _1985
1667,Andrea Bargnani,Andrea Bargnani _1985
1668,Hamed Haddadi,Hamed Haddadi _1985
1669,Dominic McGuire,Dominic McGuire _1985
1670,Monta Ellis,Monta Ellis _1985
1671,Chris Johnson,Chris Johnson _1985
1672,Dwight Howard,Dwight Howard _1985
1673,Tyler Hansbrough,Tyler Hansbrough _1985
1674,DeMarcus Nelson,DeMarcus Nelson _1985
1675,Nick Fazekas,Nick Fazekas _1985
1676,Kosta Perovic,Kosta Perovic _1985
1677,Ha Seung-Jin,Ha Seung-Jin _1985
1678,Anthony Tolliver,Anthony Tolliver _1985
1679,Guillermo Diaz,Guillermo Diaz _1985
1680,Nick Young,Nick Young _1985
1681,Greg Stiemsma,Greg Stiemsma _1985
1682,P.J. Tucker,P.J. Tucker _1985
1683,Othyus Jeffers,Othyus Jeffers _1985
1684,Sam Young,Sam Young _1985
1685,Ronnie Brewer,Ronnie Brewer _1985
1686,Brandon Rush,Brandon Rush _1985
1687,Taj Gibson,Taj Gibson _1985
1688,Pavel Podkolzin,Pavel Podkolzin _1985
1689,Marc Gasol,Marc Gasol _1985
1690,Sean Singletary,Sean Singletary _1985
1691,Anthony Morrow,Anthony Morrow _1985
1692,Acie Law,Acie Law _1985
1693,Rob Kurz,Rob Kurz _1985
1694,Thomas Gardner,Thomas Gardner _1985
1695,Justin Dentmon,Justin Dentmon _1985
1696,Rudy Fernandez,Rudy Fernandez _1985
1697,Arron Afflalo,Arron Afflalo _1985
1698,Kris Humphries,Kris Humphries _1985
1699,Aaron Brooks,Aaron Brooks _1985
1700,Sasha Kaun,Sasha Kaun _1985
1701,J.R. Giddens,J.R. Giddens _1985
1702,Tiago Splitter,Tiago Splitter _1985
1703,Luol Deng,Luol Deng _1985
1704,Sebastian Telfair,Sebastian Telfair _1985
1705,Darius Washington,Darius Washington _1985
1706,LaMarcus Aldridge,LaMarcus Aldridge _1985
1707,Gustavo Ayon,Gustavo Ayon _1985
1708,Brian Roberts,Brian Roberts _1985
1709,Dorell Wright,Dorell Wright _1985
1710,Antonio Anderson,Antonio Anderson _1985
1711,Marcus Landry,Marcus Landry _1985
1712,Jared Dudley,Jared Dudley _1985
1713,J.R. Smith,J.R. Smith _1985
1714,Brandon Bass,Brandon Bass _1985
1715,Marcus Williams,Marcus Williams _1985
1716,Trey Gilder,Trey Gilder _1985
1717,Robert Swift,Robert Swift _1985
1718,Linas Kleiza,Linas Kleiza _1985
1719,Roy Hibbert,Roy Hibbert _1986
1720,Garret Siler,Garret Siler _1986
1721,Gabe Pruitt,Gabe Pruitt _1986
1722,Martell Webster,Martell Webster _1986
1723,Jeff Adrien,Jeff Adrien _1986
1724,Vernon Macklin,Vernon Macklin _1986
1725,Lou Williams,Lou Williams _1986
1726,Gerald Green,Gerald Green _1986
1727,Ryan Reid,Ryan Reid _1986
1728,Jeremy Pargo,Jeremy Pargo _1986
1729,Rudy Gay,Rudy Gay _1986
1730,Jerome Jordan,Jerome Jordan _1986
1731,Shawne Williams,Shawne Williams _1986
1732,Tyrus Thomas,Tyrus Thomas _1986
1733,Toney Douglas,Toney Douglas _1986
1734,Andy Rautins,Andy Rautins _1986
1735,Mickell Gladness,Mickell Gladness _1986
1736,Mario Chalmers,Mario Chalmers _1986
1737,Martynas Andriuskevicius,Martynas Andriuskevicius _1986
1738,Aron Baynes,Aron Baynes _1986
1739,Salah Mejri,Salah Mejri _1986
1740,Jason Thompson,Jason Thompson _1986
1741,DeMarre Carroll,DeMarre Carroll _1986
1742,Andray Blatche,Andray Blatche _1986
1743,Ian Mahinmi,Ian Mahinmi _1986
1744,Rodney Stuckey,Rodney Stuckey _1986
1745,Rajon Rondo,Rajon Rondo _1986
1746,Josh Akognon,Josh Akognon _1986
1747,Marcus Cousin,Marcus Cousin _1986
1748,Marco Belinelli,Marco Belinelli _1986
1749,Garrett Temple,Garrett Temple _1986
1750,Daniel Gibson,Daniel Gibson _1986
1751,Al Horford,Al Horford _1986
1752,George Hill,George Hill _1986
1753,Joe Crawford,Joe Crawford _1986
1754,Othello Hunter,Othello Hunter _1986
1755,Damjan Rudez,Damjan Rudez _1986
1756,Cedric Simmons,Cedric Simmons _1986
1757,Marvin Williams,Marvin Williams _1986
1758,JamesOn Curry,JamesOn Curry _1986
1759,Mike Taylor,Mike Taylor _1986
1760,Ramon Sessions,Ramon Sessions _1986
1761,D.J. White,D.J. White _1986
1762,Nikola Pekovic,Nikola Pekovic _1986
1763,Luc Mbah a Moute,Luc Mbah a Moute _1986
1764,Jason Smith,Jason Smith _1986
1765,Andris Biedrins,Andris Biedrins _1986
1766,Glen Davis,Glen Davis _1986
1767,Nathan Jawai,Nathan Jawai _1986
1768,Sonny Weems,Sonny Weems _1986
1769,Wesley Matthews,Wesley Matthews _1986
1770,Aaron Jackson,Aaron Jackson _1986
1771,Lazar Hayward,Lazar Hayward _1986
1772,Edwin Ubiles,Edwin Ubiles _1986
1773,Taurean Green,Taurean Green _1986
1774,Goran Dragic,Goran Dragic _1986
1775,Cedric Jackson,Cedric Jackson _1986
1776,Corey Brewer,Corey Brewer _1986
1777,A.J. Price,A.J. Price _1986
1778,Sean Williams,Sean Williams _1986
1779,Kyrylo Fesenko,Kyrylo Fesenko _1986
1780,Jermaine Taylor,Jermaine Taylor _1986
1781,Joe Alexander,Joe Alexander _1986
1782,Patrick O’Bryant,Patrick O’Bryant _1986
1783,Randolph Morris,Randolph Morris _1986
1784,Kyle Weaver,Kyle Weaver _1986
1785,Jordan Farmar,Jordan Farmar _1986
1786,Timofey Mozgov,Timofey Mozgov _1986
1787,Kyle Lowry,Kyle Lowry _1986
1788,Walter Sharpe,Walter Sharpe _1986
1789,Jeff Green,Jeff Green _1986
1790,Johan Petro,Johan Petro _1986
1791,Omer Asik,Omer Asik _1986
1792,Semih Erden,Semih Erden _1986
1793,Marcus Williams,Marcus Williams _1986
1794,Taylor Griffin,Taylor Griffin _1986
1795,Dionte Christmas,Dionte Christmas _1986
1796,Sundiata Gaines,Sundiata Gaines _1986
1797,Sergio Rodriguez,Sergio Rodriguez _1986
1798,Mouhamed Sene,Mouhamed Sene _1986
1799,Reggie Williams,Reggie Williams _1986
1800,Joel Freeland,Joel Freeland _1987
1801,Terrence Williams,Terrence Williams _1987
1802,Luke Zeller,Luke Zeller _1987
1803,Luigi Datome,Luigi Datome _1987
1804,Jonathan Gibson,Jonathan Gibson _1987
1805,Trevor Booker,Trevor Booker _1987
1806,Sherron Collins,Sherron Collins _1987
1807,Jerel McNeal,Jerel McNeal _1987
1808,Jerry Smith,Jerry Smith _1987
1809,Shane Edwards,Shane Edwards _1987
1810,Derrick Brown,Derrick Brown _1987
1811,Hamady N’Diaye,Hamady N’Diaye _1987
1812,Hasheem Thabeet,Hasheem Thabeet _1987
1813,Wayne Ellington,Wayne Ellington _1987
1814,Jodie Meeks,Jodie Meeks _1987
1815,Dante Cunningham,Dante Cunningham _1987
1816,Jon Brockman,Jon Brockman _1987
1817,Arinze Onuaku,Arinze Onuaku _1987
1818,Viacheslav Kravtsov,Viacheslav Kravtsov _1987
1819,O.J. Mayo,O.J. Mayo _1987
1820,Darren Collison,Darren Collison _1987
1821,Wesley Johnson,Wesley Johnson _1987
1822,Milos Teodosic,Milos Teodosic _1987
1823,Greivis Vasquez,Greivis Vasquez _1987
1824,Eric Maynor,Eric Maynor _1987
1825,Ekpe Udoh,Ekpe Udoh _1987
1826,Alonzo Gee,Alonzo Gee _1987
1827,Julian Wright,Julian Wright _1987
1828,Jeff Foote,Jeff Foote _1987
1829,Marcus Thornton,Marcus Thornton _1987
1830,C.J. Miles,C.J. Miles _1987
1831,D.J. Augustin,D.J. Augustin _1987
1832,Ty Lawson,Ty Lawson _1987
1833,Yaroslav Korolev,Yaroslav Korolev _1987
1834,Ersan Ilyasova,Ersan Ilyasova _1987
1835,Alex Stepheson,Alex Stepheson _1987
1836,Terrel Harris,Terrel Harris _1987
1837,Marreese Speights,Marreese Speights _1987
1838,James Johnson,James Johnson _1987
1839,Andrew Bynum,Andrew Bynum _1987
1840,Gerald Henderson,Gerald Henderson _1987
1841,Jeff Ayres,Jeff Ayres _1987
1842,Jordan Hill,Jordan Hill _1987
1843,Jonas Jerebko,Jonas Jerebko _1987
1844,Amir Johnson,Amir Johnson _1987
1845,Ben Hansbrough,Ben Hansbrough _1987
1846,Henry Walker,Henry Walker _1987
1847,Craig Brackins,Craig Brackins _1987
1848,Malik Hairston,Malik Hairston _1987
1849,Jerome Dyson,Jerome Dyson _1987
1850,Joe Ingles,Joe Ingles _1987
1851,Jeremy Evans,Jeremy Evans _1987
1852,Damion James,Damion James _1987
1853,Josh McRoberts,Josh McRoberts _1987
1854,Elijah Millsap,Elijah Millsap _1987
1855,Javaris Crittenton,Javaris Crittenton _1987
1856,Chris Smith,Chris Smith _1987
1857,Yi Jianlian,Yi Jianlian _1987
1858,Nando De Colo,Nando De Colo _1987
1859,Brandan Wright,Brandan Wright _1987
1860,Wilson Chandler,Wilson Chandler _1987
1861,Daequan Cook,Daequan Cook _1987
1862,Chris Douglas-Roberts,Chris Douglas-Roberts _1987
1863,Mike Conley,Mike Conley _1987
1864,Darington Hobson,Darington Hobson _1987
1865,Danny Green,Danny Green _1987
1866,Dexter Pittman,Dexter Pittman _1988
1867,Robin Lopez,Robin Lopez _1988
1868,Landry Fields,Landry Fields _1988
1869,John Holland,John Holland _1988
1870,Russell Westbrook,Russell Westbrook _1988
1871,Jeremy Lin,Jeremy Lin _1988
1872,J.J. Hickson,J.J. Hickson _1988
1873,Jarvis Varnado,Jarvis Varnado _1988
1874,Miles Plumlee,Miles Plumlee _1988
1875,Jeff Teague,Jeff Teague _1988
1876,Brook Lopez,Brook Lopez _1988
1877,Patrick Christopher,Patrick Christopher _1988
1878,Ish Smith,Ish Smith _1988
1879,Solomon Alabi,Solomon Alabi _1988
1880,Austin Daye,Austin Daye _1988
1881,Nolan Smith,Nolan Smith _1988
1882,Darrell Arthur,Darrell Arthur _1988
1883,Stephen Curry,Stephen Curry _1988
1884,Patty Mills,Patty Mills _1988
1885,Victor Claver,Victor Claver _1988
1886,DeAndre Liggins,DeAndre Liggins _1988
1887,Xavier Silas,Xavier Silas _1988
1888,Jorge Gutierrez,Jorge Gutierrez _1988
1889,Earl Clark,Earl Clark _1988
1890,Rodrigue Beaubois,Rodrigue Beaubois _1988
1891,Dennis Horner,Dennis Horner _1988
1892,Kyle Singler,Kyle Singler _1988
1893,Chandler Parsons,Chandler Parsons _1988
1894,Danilo Gallinari,Danilo Gallinari _1988
1895,Tim Ohlbrecht,Tim Ohlbrecht _1988
1896,Nicolas Batum,Nicolas Batum _1988
1897,Thaddeus Young,Thaddeus Young _1988
1898,Derrick Caracter,Derrick Caracter _1988
1899,DaJuan Summers,DaJuan Summers _1988
1900,Larry Sanders,Larry Sanders _1988
1901,Pape Sy,Pape Sy _1988
1902,Jordan Crawford,Jordan Crawford _1988
1903,Boban Marjanovic,Boban Marjanovic _1988
1904,Keith Benson,Keith Benson _1988
1905,Mychel Thompson,Mychel Thompson _1988
1906,Gani Lawal,Gani Lawal _1988
1907,Chase Budinger,Chase Budinger _1988
1908,Malcolm Thomas,Malcolm Thomas _1988
1909,Donte Greene,Donte Greene _1988
1910,Kris Joseph,Kris Joseph _1988
1911,Derrick Rose,Derrick Rose _1988
1912,Ryan Anderson,Ryan Anderson _1988
1913,Vitor Faverani,Vitor Faverani _1988
1914,Eric Gordon,Eric Gordon _1988
1915,Chris Wright,Chris Wright _1988
1916,Kevin Love,Kevin Love _1988
1917,Quincy Pondexter,Quincy Pondexter _1988
1918,Alexey Shved,Alexey Shved _1988
1919,Ben Uzoh,Ben Uzoh _1988
1920,Miroslav Raduljica,Miroslav Raduljica _1988
1921,Andrew Goudelock,Andrew Goudelock _1988
1922,Kim English,Kim English _1988
1923,Donald Sloan,Donald Sloan _1988
1924,Luke Harangody,Luke Harangody _1988
1925,Gal Mekel,Gal Mekel _1988
1926,Alexis Ajinca,Alexis Ajinca _1988
1927,Spencer Hawes,Spencer Hawes _1988
1928,Cole Aldrich,Cole Aldrich _1988
1929,Omri Casspi,Omri Casspi _1988
1930,Lance Thomas,Lance Thomas _1988
1931,Courtney Fortson,Courtney Fortson _1988
1932,DeAndre Jordan,DeAndre Jordan _1988
1933,Greg Oden,Greg Oden _1988
1934,Patrick Beverley,Patrick Beverley _1988
1935,Mike Scott,Mike Scott _1988
1936,JaVale McGee,JaVale McGee _1988
1937,Kevin Durant,Kevin Durant _1988
1938,Dominique Jones,Dominique Jones _1988
1939,Nemanja Bjelica,Nemanja Bjelica _1988
1940,Jerryd Bayless,Jerryd Bayless _1988
1941,Diante Garrett,Diante Garrett _1988
1942,Norris Cole,Norris Cole _1988
1943,Evan Turner,Evan Turner _1988
1944,Julyan Stone,Julyan Stone _1988
1945,E’Twaun Moore,E’Twaun Moore _1989
1946,Jimmer Fredette,Jimmer Fredette _1989
1947,Kevin Jones,Kevin Jones _1989
1948,Jeffery Taylor,Jeffery Taylor _1989
1949,JaJuan Johnson,JaJuan Johnson _1989
1950,Justin Harper,Justin Harper _1989
1951,James Anderson,James Anderson _1989
1952,Jonathon Simmons,Jonathon Simmons _1989
1953,Luke Babbitt,Luke Babbitt _1989
1954,Andrew Nicholson,Andrew Nicholson _1989
1955,Nick Calathes,Nick Calathes _1989
1956,Kenneth Faried,Kenneth Faried _1989
1957,Jonny Flynn,Jonny Flynn _1989
1958,Malcolm Delaney,Malcolm Delaney _1989
1959,James Harden,James Harden _1989
1960,Mindaugas Kuzminskas,Mindaugas Kuzminskas _1989
1961,Willie Warren,Willie Warren _1989
1962,Michael Beasley,Michael Beasley _1989
1963,Isaiah Thomas,Isaiah Thomas _1989
1964,Zoran Dragic,Zoran Dragic _1989
1965,MarShon Brooks,MarShon Brooks _1989
1966,Samardo Samuels,Samardo Samuels _1989
1967,Robbie Hummel,Robbie Hummel _1989
1968,Serge Ibaka,Serge Ibaka _1989
1969,Orlando Johnson,Orlando Johnson _1989
1970,Jimmy Butler,Jimmy Butler _1989
1971,Anthony Randolph,Anthony Randolph _1989
1972,Elliot Williams,Elliot Williams _1989
1973,Festus Ezeli,Festus Ezeli _1989
1974,Lavoy Allen,Lavoy Allen _1989
1975,Dewayne Dedmon,Dewayne Dedmon _1989
1976,Elias Harris,Elias Harris _1989
1977,Patrick Patterson,Patrick Patterson _1989
1978,Jon Leuer,Jon Leuer _1989
1979,Josh Harrellson,Josh Harrellson _1989
1980,Chris Wright,Chris Wright _1989
1981,Marcus Morris,Marcus Morris _1989
1982,Jacob Pullen,Jacob Pullen _1989
1983,DeJuan Blair,DeJuan Blair _1989
1984,Robert Sacre,Robert Sacre _1989
1985,Brandon Jennings,Brandon Jennings _1989
1986,Eric Bledsoe,Eric Bledsoe _1989
1987,Tibor Pleiss,Tibor Pleiss _1989
1988,Byron Mullens,Byron Mullens _1989
1989,Josh Magette,Josh Magette _1989
1990,Blake Griffin,Blake Griffin _1989
1991,Cory Higgins,Cory Higgins _1989
1992,Hassan Whiteside,Hassan Whiteside _1989
1993,Omari Johnson,Omari Johnson _1989
1994,Devin Ebanks,Devin Ebanks _1989
1995,Brad Wanamaker,Brad Wanamaker _1989
1996,Kent Bazemore,Kent Bazemore _1989
1997,Justin Holiday,Justin Holiday _1989
1998,Darius Johnson-Odom,Darius Johnson-Odom _1989
1999,D.J. Kennedy,D.J. Kennedy _1989
2000,Ed Davis,Ed Davis _1989
2001,Markieff Morris,Markieff Morris _1989
2002,Tony Mitchell,Tony Mitchell _1989
2003,Charles Jenkins,Charles Jenkins _1989
2004,Scotty Hopson,Scotty Hopson _1989
2005,DeMar DeRozan,DeMar DeRozan _1989
2006,Toure’ Murry,Toure’ Murry _1989
2007,Chris Singleton,Chris Singleton _1989
2008,Bojan Bogdanovic,Bojan Bogdanovic _1989
2009,Christian Eyenga,Christian Eyenga _1989
2010,Armon Johnson,Armon Johnson _1989
2011,Kosta Koufos,Kosta Koufos _1989
2012,Tyreke Evans,Tyreke Evans _1989
2013,Manny Harris,Manny Harris _1989
2014,Dwight Buycks,Dwight Buycks _1989
2015,Kevin Seraphin,Kevin Seraphin _1989
2016,Kalin Lucas,Kalin Lucas _1989
2017,Jae Crowder,Jae Crowder _1990
2018,Jordan Williams,Jordan Williams _1990
2019,Jordan Hamilton,Jordan Hamilton _1990
2020,Mason Plumlee,Mason Plumlee _1990
2021,Damian Lillard,Damian Lillard _1990
2022,Travis Leslie,Travis Leslie _1990
2023,Quincy Acy,Quincy Acy _1990
2024,Drew Gordon,Drew Gordon _1990
2025,Avery Bradley,Avery Bradley _1990
2026,Tyler Honeycutt,Tyler Honeycutt _1990
2027,Lance Stephenson,Lance Stephenson _1990
2028,John Wall,John Wall _1990
2029,Larry Drew II,Larry Drew II _1990
2030,Kostas Papanikolaou,Kostas Papanikolaou _1990
2031,Kemba Walker,Kemba Walker _1990
2032,Nicolas Laprovittola,Nicolas Laprovittola _1990
2033,Kevin Murphy,Kevin Murphy _1990
2034,Justin Hamilton,Justin Hamilton _1990
2035,Matthew Dellavedova,Matthew Dellavedova _1990
2036,Cameron Bairstow,Cameron Bairstow _1990
2037,Robert Covington,Robert Covington _1990
2038,Henry Sims,Henry Sims _1990
2039,James Nunnally,James Nunnally _1990
2040,John Henson,John Henson _1990
2041,Jamil Wilson,Jamil Wilson _1990
2042,Arnett Moultrie,Arnett Moultrie _1990
2043,Draymond Green,Draymond Green _1990
2044,Tyshawn Taylor,Tyshawn Taylor _1990
2045,Daniel Orton,Daniel Orton _1990
2046,Jeff Withey,Jeff Withey _1990
2047,C.J. Williams,C.J. Williams _1990
2048,Kyle O’Quinn,Kyle O’Quinn _1990
2049,Mike James,Mike James _1990
2050,Jan Vesely,Jan Vesely _1990
2051,Peyton Siva,Peyton Siva _1990
2052,Nikola Vucevic,Nikola Vucevic _1990
2053,David Wear,David Wear _1990
2054,Chris Babb,Chris Babb _1990
2055,Klay Thompson,Klay Thompson _1990
2056,James Southerland,James Southerland _1990
2057,DeQuan Jones,DeQuan Jones _1990
2058,Gordon Hayward,Gordon Hayward _1990
2059,Scott Machado,Scott Machado _1990
2060,Fab Melo,Fab Melo _1990
2061,Gorgui Dieng,Gorgui Dieng _1990
2062,Shelvin Mack,Shelvin Mack _1990
2063,Donatas Motiejunas,Donatas Motiejunas _1990
2064,Casper Ware,Casper Ware _1990
2065,Tyler Zeller,Tyler Zeller _1990
2066,Trey Thompkins,Trey Thompkins _1990
2067,C.J. Wilcox,C.J. Wilcox _1990
2068,DeMarcus Cousins,DeMarcus Cousins _1990
2069,Erik Murphy,Erik Murphy _1990
2070,Chris Johnson,Chris Johnson _1990
2071,Paul George,Paul George _1990
2072,Seth Curry,Seth Curry _1990
2073,Darius Miller,Darius Miller _1990
2074,D.J. Stephens,D.J. Stephens _1990
2075,Travis Wear,Travis Wear _1990
2076,Ryan Broekhoff,Ryan Broekhoff _1990
2077,Tim Frazier,Tim Frazier _1990
2078,Carrick Felix,Carrick Felix _1990
2079,Al-Farouq Aminu,Al-Farouq Aminu _1990
2080,Torrey Craig,Torrey Craig _1990
2081,Ricky Rubio,Ricky Rubio _1990
2082,Greg Monroe,Greg Monroe _1990
2083,Iman Shumpert,Iman Shumpert _1990
2084,Trey McKinney-Jones,Trey McKinney-Jones _1990
2085,Jrue Holiday,Jrue Holiday _1990
2086,James Ennis,James Ennis _1990
2087,Lorenzo Brown,Lorenzo Brown _1990
2088,Cory Jefferson,Cory Jefferson _1990
2089,Reggie Jackson,Reggie Jackson _1990
2090,Malcolm Lee,Malcolm Lee _1990
2091,JaMychal Green,JaMychal Green _1990
2092,Ognjen Kuzmic,Ognjen Kuzmic _1990
2093,Sean Kilpatrick,Sean Kilpatrick _1990
2094,Willie Reed,Willie Reed _1990
2095,Tomas Satoransky,Tomas Satoransky _1991
2096,Mike Muscala,Mike Muscala _1991
2097,Thomas Robinson,Thomas Robinson _1991
2098,Ryan Kelly,Ryan Kelly _1991
2099,Jarell Eddie,Jarell Eddie _1991
2100,Jamaal Franklin,Jamaal Franklin _1991
2101,Greg Smith,Greg Smith _1991
2102,Xavier Henry,Xavier Henry _1991
2103,Phil Pressey,Phil Pressey _1991
2104,Nikola Mirotic,Nikola Mirotic _1991
2105,Nemanja Nedovic,Nemanja Nedovic _1991
2106,Glen Rice Jr.,Glen Rice Jr. _1991
2107,Michael Carter-Williams,Michael Carter-Williams _1991
2108,Cory Joseph,Cory Joseph _1991
2109,Dion Waiters,Dion Waiters _1991
2110,Brandon Knight,Brandon Knight _1991
2111,Nate Wolters,Nate Wolters _1991
2112,Solomon Hill,Solomon Hill _1991
2113,Jack Cooley,Jack Cooley _1991
2114,Perry Jones,Perry Jones _1991
2115,Eric Moreland,Eric Moreland _1991
2116,Jeremy Tyler,Jeremy Tyler _1991
2117,Hollis Thompson,Hollis Thompson _1991
2118,Joe Harris,Joe Harris _1991
2119,Kendall Marshall,Kendall Marshall _1991
2120,Joffrey Lauvergne,Joffrey Lauvergne _1991
2121,Langston Galloway,Langston Galloway _1991
2122,Adreian Payne,Adreian Payne _1991
2123,Brandon Davies,Brandon Davies _1991
2124,Reggie Bullock,Reggie Bullock _1991
2125,Reggie Hearn,Reggie Hearn _1991
2126,Furkan Aldemir,Furkan Aldemir _1991
2127,David Stockton,David Stockton _1991
2128,Doron Lamb,Doron Lamb _1991
2129,Tristan Thompson,Tristan Thompson _1991
2130,Kyle Collinsworth,Kyle Collinsworth _1991
2131,Jordan McRae,Jordan McRae _1991
2132,Jerrelle Benimon,Jerrelle Benimon _1991
2133,Cleanthony Early,Cleanthony Early _1991
2134,Ray McCallum,Ray McCallum _1991
2135,Maalik Wayns,Maalik Wayns _1991
2136,Jared Cunningham,Jared Cunningham _1991
2137,Pierre Jackson,Pierre Jackson _1991
2138,Shayne Whittington,Shayne Whittington _1991
2139,Shabazz Napier,Shabazz Napier _1991
2140,Josh Selby,Josh Selby _1991
2141,Derrick Williams,Derrick Williams _1991
2142,Alex Kirk,Alex Kirk _1991
2143,Rodney McGruder,Rodney McGruder _1991
2144,Terrence Ross,Terrence Ross _1991
2145,Tornike Shengelia,Tornike Shengelia _1991
2146,Erick Green,Erick Green _1991
2147,Will Barton,Will Barton _1991
2148,Troy Daniels,Troy Daniels _1991
2149,Derrick Favors,Derrick Favors _1991
2150,Brandon Paul,Brandon Paul _1991
2151,Will Cherry,Will Cherry _1991
2152,Isaiah Canaan,Isaiah Canaan _1991
2153,Kawhi Leonard,Kawhi Leonard _1991
2154,Kelly Olynyk,Kelly Olynyk _1991
2155,Duje Dukan,Duje Dukan _1991
2156,Andre Roberson,Andre Roberson _1991
2157,Tony Snell,Tony Snell _1991
2158,Alec Burks,Alec Burks _1991
2159,Tarik Black,Tarik Black _1991
2160,Dwight Powell,Dwight Powell _1991
2161,Rakeem Christmas,Rakeem Christmas _1991
2162,Russ Smith,Russ Smith _1991
2163,Josh Huestis,Josh Huestis _1991
2164,Royce White,Royce White _1991
2165,Khris Middleton,Khris Middleton _1991
2166,John Jenkins,John Jenkins _1991
2167,Darius Morris,Darius Morris _1991
2168,Ian Clark,Ian Clark _1991
2169,CJ McCollum,CJ McCollum _1991
2170,Andre Dawkins,Andre Dawkins _1991
2171,Lamar Patterson,Lamar Patterson _1991
2172,Doug McDermott,Doug McDermott _1992
2173,Buddy Hield,Buddy Hield _1992
2174,Nick Johnson,Nick Johnson _1992
2175,Myke Henry,Myke Henry _1992
2176,P.J. Hairston,P.J. Hairston _1992
2177,Malcolm Brogdon,Malcolm Brogdon _1992
2178,Gary Payton II,Gary Payton II _1992
2179,Sheldon Mac,Sheldon Mac _1992
2180,Sim Bhullar,Sim Bhullar _1992
2181,Terrence Jones,Terrence Jones _1992
2182,Briante Weber,Briante Weber _1992
2183,Jabari Brown,Jabari Brown _1992
2184,Maurice Ndour,Maurice Ndour _1992
2185,Kyle Wiltjer,Kyle Wiltjer _1992
2186,Raul Neto,Raul Neto _1992
2187,Evan Fournier,Evan Fournier _1992
2188,Shane Larkin,Shane Larkin _1992
2189,A.J. Hammons,A.J. Hammons _1992
2190,Enes Kanter,Enes Kanter _1992
2191,Vander Blue,Vander Blue _1992
2192,Bismack Biyombo,Bismack Biyombo _1992
2193,Bryce Dejean-Jones,Bryce Dejean-Jones _1992
2194,Thanasis Antetokounmpo,Thanasis Antetokounmpo _1992
2195,Tobias Harris,Tobias Harris _1992
2196,Marshall Plumlee,Marshall Plumlee _1992
2197,Keith Appling,Keith Appling _1992
2198,Tim Hardaway Jr.,Tim Hardaway Jr. _1992
2199,J.J. O’Brien,J.J. O’Brien _1992
2200,Harrison Barnes,Harrison Barnes _1992
2201,Jeremy Lamb,Jeremy Lamb _1992
2202,Semaj Christon,Semaj Christon _1992
2203,Khem Birch,Khem Birch _1992
2204,Axel Toupane,Axel Toupane _1992
2205,Walt Lemon,Walt Lemon _1992
2206,Victor Oladipo,Victor Oladipo _1992
2207,Jonas Valanciunas,Jonas Valanciunas _1992
2208,Meyers Leonard,Meyers Leonard _1992
2209,Rodney Hood,Rodney Hood _1992
2210,Jared Sullinger,Jared Sullinger _1992
2211,Bryce Cotton,Bryce Cotton _1992
2212,Tyler Johnson,Tyler Johnson _1992
2213,Cody Zeller,Cody Zeller _1992
2214,Anthony Brown,Anthony Brown _1992
2215,Jerian Grant,Jerian Grant _1992
2216,Okaro White,Okaro White _1992
2217,Austin Rivers,Austin Rivers _1992
2218,Delon Wright,Delon Wright _1992
2219,Mangok Mathiang,Mangok Mathiang _1992
2220,Bogdan Bogdanovic,Bogdan Bogdanovic _1992
2221,Lucas Nogueira,Lucas Nogueira _1992
2222,Damion Lee,Damion Lee _1992
2223,Tony Mitchell,Tony Mitchell _1992
2224,Allen Crabbe,Allen Crabbe _1992
2225,Rudy Gobert,Rudy Gobert _1992
2226,Devyn Marble,Devyn Marble _1992
2227,Daniel Theis,Daniel Theis _1992
2228,Quincy Miller,Quincy Miller _1992
2229,Joe Young,Joe Young _1992
2230,Michael Gbinije,Michael Gbinije _1992
2231,Edy Tavares,Edy Tavares _1992
2232,Alfonzo McKinnie,Alfonzo McKinnie _1992
2233,Jordan Clarkson,Jordan Clarkson _1992
2234,Cristiano Felicio,Cristiano Felicio _1992
2235,Coty Clarke,Coty Clarke _1992
2236,Zach Lofton,Zach Lofton _1992
2237,Kyrie Irving,Kyrie Irving _1992
2238,T.J. McConnell,T.J. McConnell _1992
2239,Ricky Ledo,Ricky Ledo _1992
2240,Maxi Kleber,Maxi Kleber _1992
2241,Shabazz Muhammad,Shabazz Muhammad _1992
2242,Trey Burke,Trey Burke _1992
2243,Xavier Munford,Xavier Munford _1992
2244,Davis Bertans,Davis Bertans _1992
2245,Markel Brown,Markel Brown _1992
2246,Mitch McGary,Mitch McGary _1992
2247,Josh Gray,Josh Gray _1993
2248,Quinn Cook,Quinn Cook _1993
2249,David Nwaba,David Nwaba _1993
2250,Malcolm Miller,Malcolm Miller _1993
2251,Marcus Paige,Marcus Paige _1993
2252,Andre Drummond,Andre Drummond _1993
2253,Jaron Blossomgame,Jaron Blossomgame _1993
2254,Matt Williams,Matt Williams _1993
2255,Adonis Thomas,Adonis Thomas _1993
2256,Richaun Holmes,Richaun Holmes _1993
2257,Ron Baker,Ron Baker _1993
2258,Kyle Anderson,Kyle Anderson _1993
2259,Anthony Davis,Anthony Davis _1993
2260,Alan Williams,Alan Williams _1993
2261,Michael Kidd-Gilchrist,Michael Kidd-Gilchrist _1993
2262,Luis Montero,Luis Montero _1993
2263,Nicolas Brussino,Nicolas Brussino _1993
2264,Darrun Hilliard,Darrun Hilliard _1993
2265,Spencer Dinwiddie,Spencer Dinwiddie _1993
2266,Abdel Nader,Abdel Nader _1993
2267,Tony Wroten,Tony Wroten _1993
2268,T.J. Warren,T.J. Warren _1993
2269,Nik Stauskas,Nik Stauskas _1993
2270,Jamel Artis,Jamel Artis _1993
2271,JaKarr Sampson,JaKarr Sampson _1993
2272,Anthony Bennett,Anthony Bennett _1993
2273,Alex Poythress,Alex Poythress _1993
2274,Chris Boucher,Chris Boucher _1993
2275,James Webb,James Webb _1993
2276,Kadeem Allen,Kadeem Allen _1993
2277,Shaquille Harrison,Shaquille Harrison _1993
2278,Willie Cauley-Stein,Willie Cauley-Stein _1993
2279,Frank Kaminsky,Frank Kaminsky _1993
2280,Dorian Finney-Smith,Dorian Finney-Smith _1993
2281,Daniel Ochefu,Daniel Ochefu _1993
2282,Josh Richardson,Josh Richardson _1993
2283,Treveon Graham,Treveon Graham _1993
2284,Denzel Valentine,Denzel Valentine _1993
2285,Justin Anderson,Justin Anderson _1993
2286,James Michael McAdoo,James Michael McAdoo _1993
2287,Jarrod Uthoff,Jarrod Uthoff _1993
2288,Steven Adams,Steven Adams _1993
2289,Kentavious Caldwell-Pope,Kentavious Caldwell-Pope _1993
2290,Milton Doyle,Milton Doyle _1993
2291,Norman Powell,Norman Powell _1993
2292,Jalen Jones,Jalen Jones _1993
2293,Erik McCree,Erik McCree _1993
2294,Ben McLemore,Ben McLemore _1993
2295,Danuel House,Danuel House _1993
2296,Grant Jerrett,Grant Jerrett _1993
2297,K.J. McDaniels,K.J. McDaniels _1993
2298,Johnny O’Bryant,Johnny O’Bryant _1993
2299,Otto Porter,Otto Porter _1993
2300,Royce O’Neale,Royce O’Neale _1993
2301,DeVaughn Akoon-Purcell,DeVaughn Akoon-Purcell _1993
2302,Bradley Beal,Bradley Beal _1993
2303,Bryn Forbes,Bryn Forbes _1993
2304,Larry Nance Jr.,Larry Nance Jr. _1993
2305,Sergey Karasev,Sergey Karasev _1993
2306,Georges Niang,Georges Niang _1993
2307,Marquis Teague,Marquis Teague _1993
2308,Matt Costello,Matt Costello _1993
2309,Dennis Schroder,Dennis Schroder _1993
2310,Gian Clavell,Gian Clavell _1993
2311,Shawn Long,Shawn Long _1993
2312,Naz Mitrou-Long,Naz Mitrou-Long _1993
2313,Patricio Garino,Patricio Garino _1993
2314,Amile Jefferson,Amile Jefferson _1993
2315,Andrew White,Andrew White _1993
2316,Chasson Randle,Chasson Randle _1993
2317,Alex Abrines,Alex Abrines _1993
2318,Alex Len,Alex Len _1993
2319,Yogi Ferrell,Yogi Ferrell _1993
2320,Pat Connaughton,Pat Connaughton _1993
2321,Jordan Loyd,Jordan Loyd _1993
2322,Maurice Harkless,Maurice Harkless _1993
2323,R.J. Hunter,R.J. Hunter _1993
2324,Branden Dawson,Branden Dawson _1993
2325,Troy Williams,Troy Williams _1994
2326,Gary Harris,Gary Harris _1994
2327,Brice Johnson,Brice Johnson _1994
2328,Marcus Georges-Hunt,Marcus Georges-Hunt _1994
2329,Pascal Siakam,Pascal Siakam _1994
2330,George King,George King _1994
2331,Charles Cooke,Charles Cooke _1994
2332,Frank Mason,Frank Mason _1994
2333,Tyrone Wallace,Tyrone Wallace _1994
2334,Derrick White,Derrick White _1994
2335,Demetrius Jackson,Demetrius Jackson _1994
2336,Wesley Iwundu,Wesley Iwundu _1994
2337,Jacob Wiley,Jacob Wiley _1994
2338,Vince Hunter,Vince Hunter _1994
2339,Glenn Robinson III,Glenn Robinson III _1994
2340,Sam Dekker,Sam Dekker _1994
2341,Cameron Payne,Cameron Payne _1994
2342,Damyean Dotson,Damyean Dotson _1994
2343,Jarnell Stokes,Jarnell Stokes _1994
2344,Xavier Rathan-Mayes,Xavier Rathan-Mayes _1994
2345,Archie Goodwin,Archie Goodwin _1994
2346,Isaiah Hicks,Isaiah Hicks _1994
2347,Duncan Robinson,Duncan Robinson _1994
2348,Jabari Bird,Jabari Bird _1994
2349,Clint Capela,Clint Capela _1994
2350,Tyler Ennis,Tyler Ennis _1994
2351,Caris LeVert,Caris LeVert _1994
2352,Jarell Martin,Jarell Martin _1994
2353,Nerlens Noel,Nerlens Noel _1994
2354,Dario Saric,Dario Saric _1994
2355,Isaiah Taylor,Isaiah Taylor _1994
2356,Jordan Mickey,Jordan Mickey _1994
2357,Jordan Adams,Jordan Adams _1994
2358,Nigel Hayes,Nigel Hayes _1994
2359,DeAndre’ Bembry,DeAndre’ Bembry _1994
2360,Jusuf Nurkic,Jusuf Nurkic _1994
2361,Willy Hernangomez,Willy Hernangomez _1994
2362,Joel Bolomboy,Joel Bolomboy _1994
2363,Semi Ojeleye,Semi Ojeleye _1994
2364,Paul Zipser,Paul Zipser _1994
2365,Kris Dunn,Kris Dunn _1994
2366,Terry Rozier,Terry Rozier _1994
2367,Aaron Harrison,Aaron Harrison _1994
2368,Tim Quarterman,Tim Quarterman _1994
2369,Elfrid Payton,Elfrid Payton _1994
2370,Joel Embiid,Joel Embiid _1994
2371,Ryan Arcidiacono,Ryan Arcidiacono _1994
2372,Kenrich Williams,Kenrich Williams _1994
2373,Fred VanVleet,Fred VanVleet _1994
2374,Alex Caruso,Alex Caruso _1994
2375,Giannis Antetokounmpo,Giannis Antetokounmpo _1994
2376,Yuta Watanabe,Yuta Watanabe _1994
2377,Mike Tobey,Mike Tobey _1994
2378,Marcus Smart,Marcus Smart _1994
2379,Jerami Grant,Jerami Grant _1994
2380,London Perrantes,London Perrantes _1994
2381,Jake Layman,Jake Layman _1994
2382,Wayne Selden,Wayne Selden _1994
2383,Rodney Purvis,Rodney Purvis _1994
2384,Andrew Harrison,Andrew Harrison _1994
2385,Deonte Burton,Deonte Burton _1994
2386,Jameel Warney,Jameel Warney _1994
2387,Julius Randle,Julius Randle _1994
2388,Gary Clark,Gary Clark _1994
2389,Antonius Cleveland,Antonius Cleveland _1994
2390,Tyler Cavanaugh,Tyler Cavanaugh _1994
2391,Taurean Waller-Prince,Taurean Waller-Prince _1994
2392,Montrezl Harrell,Montrezl Harrell _1994
2393,Sindarius Thornwell,Sindarius Thornwell _1994
2394,Theo Pinson,Theo Pinson _1995
2395,J.P. Macura,J.P. Macura _1995
2396,Daryl Macon,Daryl Macon _1995
2397,Mario Hezonja,Mario Hezonja _1995
2398,Troy Caupain,Troy Caupain _1995
2399,Johnathan Motley,Johnathan Motley _1995
2400,Damian Jones,Damian Jones _1995
2401,Daniel Hamilton,Daniel Hamilton _1995
2402,Davon Reed,Davon Reed _1995
2403,Monte Morris,Monte Morris _1995
2404,Josh Hart,Josh Hart _1995
2405,Grayson Allen,Grayson Allen _1995
2406,James Young,James Young _1995
2407,Devin Robinson,Devin Robinson _1995
2408,Jakob Poeltl,Jakob Poeltl _1995
2409,Cliff Alexander,Cliff Alexander _1995
2410,Patrick McCaw,Patrick McCaw _1995
2411,Kristaps Porzingis,Kristaps Porzingis _1995
2412,Trey Lyles,Trey Lyles _1995
2413,Dante Exum,Dante Exum _1995
2414,Jared Terrell,Jared Terrell _1995
2415,Rondae Hollis-Jefferson,Rondae Hollis-Jefferson _1995
2416,Luke Kornet,Luke Kornet _1995
2417,Bobby Portis,Bobby Portis _1995
2418,Johnathan Williams,Johnathan Williams _1995
2419,Damien Inglis,Damien Inglis _1995
2420,Jordan Bell,Jordan Bell _1995
2421,Sterling Brown,Sterling Brown _1995
2422,Isaiah Whitehead,Isaiah Whitehead _1995
2423,Karl-Anthony Towns,Karl-Anthony Towns _1995
2424,Chris McCullough,Chris McCullough _1995
2425,Kyle Kuzma,Kyle Kuzma _1995
2426,Devonte’ Graham,Devonte’ Graham _1995
2427,Andrew Wiggins,Andrew Wiggins _1995
2428,Ben Moore,Ben Moore _1995
2429,Timothe Luwawu-Cabarrot,Timothe Luwawu-Cabarrot _1995
2430,Nikola Jokic,Nikola Jokic _1995
2431,Zach LaVine,Zach LaVine _1995
2432,Edmond Sumner,Edmond Sumner _1995
2433,Derrick Walton,Derrick Walton _1995
2434,Dakari Johnson,Dakari Johnson _1995
2435,Jabari Parker,Jabari Parker _1995
2436,Bruno Caboclo,Bruno Caboclo _1995
2437,Kelly Oubre,Kelly Oubre _1995
2438,Jahlil Okafor,Jahlil Okafor _1995
2439,Dwayne Bacon,Dwayne Bacon _1995
2440,Guerschon Yabusele,Guerschon Yabusele _1995
2441,Jaylen Morris,Jaylen Morris _1995
2442,Alec Peters,Alec Peters _1995
2443,Brandon Goodwin,Brandon Goodwin _1995
2444,Juan Hernangomez,Juan Hernangomez _1995
2445,Christian Wood,Christian Wood _1995
2446,Ben Bentil,Ben Bentil _1995
2447,Jevon Carter,Jevon Carter _1995
2448,Kay Felder,Kay Felder _1995
2449,Noah Vonleh,Noah Vonleh _1995
2450,Cedi Osman,Cedi Osman _1995
2451,Justin Jackson,Justin Jackson _1995
2452,Aaron Gordon,Aaron Gordon _1995
2453,Shake Milton,Shake Milton _1996
2454,Ben Simmons,Ben Simmons _1996
2455,Tyler Ulis,Tyler Ulis _1996
2456,Malachi Richardson,Malachi Richardson _1996
2457,Tyler Dorsey,Tyler Dorsey _1996
2458,Skal Labissiere,Skal Labissiere _1996
2459,Haywood Highsmith,Haywood Highsmith _1996
2460,Jawun Evans,Jawun Evans _1996
2461,Vince Edwards,Vince Edwards _1996
2462,Tyler Lydon,Tyler Lydon _1996
2463,D.J. Wilson,D.J. Wilson _1996
2464,Devin Booker,Devin Booker _1996
2465,Alize Johnson,Alize Johnson _1996
2466,Chinanu Onuaku,Chinanu Onuaku _1996
2467,Malik Beasley,Malik Beasley _1996
2468,Luke Kennard,Luke Kennard _1996
2469,Marcus Derrickson,Marcus Derrickson _1996
2470,Cheick Diallo,Cheick Diallo _1996
2471,Zhou Qi,Zhou Qi _1996
2472,Thomas Welsh,Thomas Welsh _1996
2473,Wade Baldwin,Wade Baldwin _1996
2474,Myles Turner,Myles Turner _1996
2475,Stephen Zimmerman,Stephen Zimmerman _1996
2476,Jonah Bolden,Jonah Bolden _1996
2477,Dejounte Murray,Dejounte Murray _1996
2478,Kevon Looney,Kevon Looney _1996
2479,Donovan Mitchell,Donovan Mitchell _1996
2480,Allonzo Trier,Allonzo Trier _1996
2481,Stanley Johnson,Stanley Johnson _1996
2482,Deyonta Davis,Deyonta Davis _1996
2483,D’Angelo Russell,D’Angelo Russell _1996
2484,Justise Winslow,Justise Winslow _1996
2485,Rashad Vaughn,Rashad Vaughn _1996
2486,Chandler Hutchison,Chandler Hutchison _1996
2487,Khyri Thomas,Khyri Thomas _1996
2488,Mikal Bridges,Mikal Bridges _1996
2489,Jaylen Adams,Jaylen Adams _1996
2490,Aaron Holiday,Aaron Holiday _1996
2491,Jaylen Brown,Jaylen Brown _1996
2492,Jalen Brunson,Jalen Brunson _1996
2493,Bruce Brown,Bruce Brown _1996
2494,Melvin Frazier,Melvin Frazier _1996
2495,Isaiah Briscoe,Isaiah Briscoe _1996
2496,Dillon Brooks,Dillon Brooks _1996
2497,Keita Bates-Diop,Keita Bates-Diop _1996
2498,Emmanuel Mudiay,Emmanuel Mudiay _1996
2499,PJ Dozier,PJ Dozier _1996
2500,Domantas Sabonis,Domantas Sabonis _1996
2501,Antonio Blakeney,Antonio Blakeney _1996
2502,Tyus Jones,Tyus Jones _1996
2503,Derrick Jones,Derrick Jones _1997
2504,De’Aaron Fox,De’Aaron Fox _1997
2505,Jacob Evans,Jacob Evans _1997
2506,Zach Collins,Zach Collins _1997
2507,Moritz Wagner,Moritz Wagner _1997
2508,Ante Zizic,Ante Zizic _1997
2509,Diamond Stone,Diamond Stone _1997
2510,John Collins,John Collins _1997
2511,T.J. Leaf,T.J. Leaf _1997
2512,Josh Jackson,Josh Jackson _1997
2513,Dragan Bender,Dragan Bender _1997
2514,Chimezie Metu,Chimezie Metu _1997
2515,Ivan Rabb,Ivan Rabb _1997
2516,Marquese Chriss,Marquese Chriss _1997
2517,Kobi Simmons,Kobi Simmons _1997
2518,Landry Shamet,Landry Shamet _1997
2519,Caleb Swanigan,Caleb Swanigan _1997
2520,Sviatoslav Mykhailiuk,Sviatoslav Mykhailiuk _1997
2521,Tyler Davis,Tyler Davis _1997
2522,Drew Eubanks,Drew Eubanks _1997
2523,Dennis Smith,Dennis Smith _1997
2524,Jamal Murray,Jamal Murray _1997
2525,Ray Spalding,Ray Spalding _1997
2526,Jerome Robinson,Jerome Robinson _1997
2527,Thomas Bryant,Thomas Bryant _1997
2528,Furkan Korkmaz,Furkan Korkmaz _1997
2529,Justin Patton,Justin Patton _1997
2530,Henry Ellenson,Henry Ellenson _1997
2531,Brandon Ingram,Brandon Ingram _1997
2532,Robert Williams,Robert Williams _1997
2533,Donte DiVincenzo,Donte DiVincenzo _1997
2534,Georgios Papagiannis,Georgios Papagiannis _1997
2535,Jonathan Isaac,Jonathan Isaac _1997
2536,Elie Okobo,Elie Okobo _1997
2537,Rawle Alkins,Rawle Alkins _1997
2538,Omari Spellman,Omari Spellman _1997
2539,Thon Maker,Thon Maker _1997
2540,Ivica Zubac,Ivica Zubac _1997
2541,Bam Adebayo,Bam Adebayo _1997
2542,Lauri Markkanen,Lauri Markkanen _1997
2543,OG Anunoby,OG Anunoby _1997
2544,Lonzo Ball,Lonzo Ball _1997
2545,Lonnie Walker,Lonnie Walker _1998
2546,Malik Monk,Malik Monk _1998
2547,Mitchell Robinson,Mitchell Robinson _1998
2548,Jarrett Allen,Jarrett Allen _1998
2549,Mohamed Bamba,Mohamed Bamba _1998
2550,Kevin Huerter,Kevin Huerter _1998
2551,Frank Ntilikina,Frank Ntilikina _1998
2552,Josh Okogie,Josh Okogie _1998
2553,Hamidou Diallo,Hamidou Diallo _1998
2554,Terrance Ferguson,Terrance Ferguson _1998
2555,Deandre Ayton,Deandre Ayton _1998
2556,Harry Giles,Harry Giles _1998
2557,Ike Anigbogu,Ike Anigbogu _1998
2558,Rodions Kurucs,Rodions Kurucs _1998
2559,Frank Jackson,Frank Jackson _1998
2560,Shai Gilgeous-Alexander,Shai Gilgeous-Alexander _1998
2561,Isaiah Hartenstein,Isaiah Hartenstein _1998
2562,De’Anthony Melton,De’Anthony Melton _1998
2563,Markelle Fultz,Markelle Fultz _1998
2564,Tony Bradley,Tony Bradley _1998
2565,Trae Young,Trae Young _1998
2566,Jayson Tatum,Jayson Tatum _1998
2567,Miles Bridges,Miles Bridges _1998
2568,Troy Brown,Troy Brown _1999
2569,Marvin Bagley,Marvin Bagley _1999
2570,Jaren Jackson Jr.,Jaren Jackson Jr. _1999
2571,Anfernee Simons,Anfernee Simons _1999
2572,Dzanan Musa,Dzanan Musa _1999
2573,Luka Doncic,Luka Doncic _1999
2574,Kevin Knox,Kevin Knox _1999
2575,Gary Trent Jr.,Gary Trent Jr. _1999
2576,Wendell Carter,Wendell Carter _1999
2577,Collin Sexton,Collin Sexton _1999
2578,Isaac Bonga,Isaac Bonga _1999
